<MigrationProcessCSVMetadataVO>
   <MigrationProcessCSVMetadataVORow>
      <ProcessId>-999</ProcessId>
      <ProcessName>Manage Performance Measures_20240315_043858_428</ProcessName>
      <ProcessDescription>Manage Performance Measures_20240315_043858_428</ProcessDescription>
      <ProcessDate>2024-03-15 16:40:14.504</ProcessDate>
      <ObjectShortName>PJS_MANAGE_PERFORMANCE_MEASURES</ObjectShortName>
      <ObjectType>TASK</ObjectType>
      <CreatedByFlow>TASK_CSV_SERVICE</CreatedByFlow>
      <MigrationProcessBusinessObjectCSVMetadata1>
         <MigrationProcessBusinessObjectCSVMetadataVORow>
            <ProcessId>-999</ProcessId>
            <BusinessObjectShortName>PJS_MT_MEASURE</BusinessObjectShortName>
            <BatchName null="true"/>
            <XmlAttributeList>DefaultDisplayFlag,Description,EnableFlag,GraphType,MeasureCode,MeasureFormula,MeasureId,MeasureSetCode,Name,TimeviewDim,XtdType,DefaultCostDisplayFlag,DefaultProgramDisplayFlag,ProgramEnabledFlag</XmlAttributeList>
            <XmlAttributeTypeList>string,string,string,string,string,string,long,string,string,string,string,string,string,string</XmlAttributeTypeList>
            <XmlNodePath>/PerformanceMeasureSetVO/PerformanceMeasureSetVORow/PerformanceMeasure/PerformanceMeasureVORow</XmlNodePath>
            <NodeSequence>3</NodeSequence>
         </MigrationProcessBusinessObjectCSVMetadataVORow>
         <MigrationProcessBusinessObjectCSVMetadataVORow>
            <ProcessId>-999</ProcessId>
            <BusinessObjectShortName>PJS_MT_MEASURE_TRANSLATION</BusinessObjectShortName>
            <BatchName null="true"/>
            <XmlAttributeList>Description,Language,MeasureId,Name,SourceLang</XmlAttributeList>
            <XmlAttributeTypeList>string,string,long,string,string</XmlAttributeTypeList>
            <XmlNodePath>/PerformanceMeasureSetVO/PerformanceMeasureSetVORow/PerformanceMeasure/PerformanceMeasureVORow/PerformanceMeasureTranslation/PerformanceMeasureTranslationVORow</XmlNodePath>
            <NodeSequence>3</NodeSequence>
         </MigrationProcessBusinessObjectCSVMetadataVORow>
         <MigrationProcessBusinessObjectCSVMetadataVORow>
            <ProcessId>-999</ProcessId>
            <BusinessObjectShortName>PJS_MT_MEASURE_SET</BusinessObjectShortName>
            <BatchName null="true"/>
            <XmlAttributeList>AccountDim,CategoryName,Description,InternalName,MeasureCategoryCode,MeasureFormat,MeasureFormula,MeasureSetCode,MeasureSetType,Name,ScenarioDim</XmlAttributeList>
            <XmlAttributeTypeList>string,string,string,string,string,string,string,string,string,string,string</XmlAttributeTypeList>
            <XmlNodePath>/PerformanceMeasureSetVO/PerformanceMeasureSetVORow</XmlNodePath>
            <NodeSequence>1</NodeSequence>
         </MigrationProcessBusinessObjectCSVMetadataVORow>
         <MigrationProcessBusinessObjectCSVMetadataVORow>
            <ProcessId>-999</ProcessId>
            <BusinessObjectShortName>PJS_MT_MEASURE_SET_TRANSLATION</BusinessObjectShortName>
            <BatchName null="true"/>
            <XmlAttributeList>CategoryName,Description,InternalName,Language,MeasureSetCode,Name,SourceLang</XmlAttributeList>
            <XmlAttributeTypeList>string,string,string,string,string,string,string</XmlAttributeTypeList>
            <XmlNodePath>/PerformanceMeasureSetVO/PerformanceMeasureSetVORow/PerformanceMeasureSetTranslation/PerformanceMeasureSetTranslationVORow</XmlNodePath>
            <NodeSequence>1</NodeSequence>
         </MigrationProcessBusinessObjectCSVMetadataVORow>
         <MigrationProcessBusinessObjectCSVMetadataVORow>
            <ProcessId>-999</ProcessId>
            <BusinessObjectShortName>ORA_PROJECT_PERFORMANCE_RELATED_MEASURE</BusinessObjectShortName>
            <BatchName null="true"/>
            <XmlAttributeList>GraphType,PrimaryMeasureId,RelatedMeasureId,SequenceNumber</XmlAttributeList>
            <XmlAttributeTypeList>string,long,long,decimal</XmlAttributeTypeList>
            <XmlNodePath>/PerformanceMeasureSetVO/PerformanceMeasureSetVORow/PerformanceMeasure/PerformanceMeasureVORow/PerformanceRelatedMeasure/PerformanceRelatedMeasureVORow</XmlNodePath>
            <NodeSequence>5</NodeSequence>
         </MigrationProcessBusinessObjectCSVMetadataVORow>
      </MigrationProcessBusinessObjectCSVMetadata1>
      <MigrationProcessBatchCSVMetadata null="true"/>
      <MigrationProcessScopeValueCSVMetadata null="true"/>
      <MigrationProcessMigrationObjectCSVMetadata>
         <MigrationProcessMigrationObjectCSVMetadataVORow>
            <ProcessId>-999</ProcessId>
            <BusinessObjectShortName>PJS_MT_MEASURE</BusinessObjectShortName>
            <MigrateFlag>Y</MigrateFlag>
            <IncludeExternalDataFlag>Y</IncludeExternalDataFlag>
         </MigrationProcessMigrationObjectCSVMetadataVORow>
         <MigrationProcessMigrationObjectCSVMetadataVORow>
            <ProcessId>-999</ProcessId>
            <BusinessObjectShortName>PJS_MT_MEASURE_SET</BusinessObjectShortName>
            <MigrateFlag>Y</MigrateFlag>
            <IncludeExternalDataFlag>Y</IncludeExternalDataFlag>
         </MigrationProcessMigrationObjectCSVMetadataVORow>
         <MigrationProcessMigrationObjectCSVMetadataVORow>
            <ProcessId>-999</ProcessId>
            <BusinessObjectShortName>ORA_PROJECT_PERFORMANCE_RELATED_MEASURE</BusinessObjectShortName>
            <MigrateFlag>Y</MigrateFlag>
            <IncludeExternalDataFlag>Y</IncludeExternalDataFlag>
         </MigrationProcessMigrationObjectCSVMetadataVORow>
      </MigrationProcessMigrationObjectCSVMetadata>
      <MigrationProcessTaskCSVMetadata null="true"/>
      <MigrationProcessServiceVersionCSVMetadata null="true"/>
   </MigrationProcessCSVMetadataVORow>
</MigrationProcessCSVMetadataVO>