"PJS_MT_MEASURE_SET.MeasureSetCode","PJS_MT_MEASURE.MeasureId","RelatedMeasureId","PrimaryMeasureId","GraphType","SequenceNumber"
"PR_COMMITTED_COST#ACT","91","81","91","BAR","3"
"PR_COMMITTED_COST#ACT","91","86","91","BAR","1"
"PR_COMMITTED_COST#ACT","91","93","91","BAR","5"
"PR_COMMITTED_COST#ACT","91","101","91","BAR","4"
"PR_COMMITTED_COST#ACT","91","615","91","BAR","2"
"PR_COMMITTED_COST#ACT","91","100010024596331","91","BAR","6"
"PR_COMMITTED_COST#ACT","93","83","93","BAR","3"
"PR_COMMITTED_COST#ACT","93","88","93","BAR","1"
"PR_COMMITTED_COST#ACT","93","103","93","BAR","4"
"PR_COMMITTED_COST#ACT","93","617","93","BAR","2"
"PR_COMMITTED_COST#ACT","93","100010024596333","93","BAR","6"
"PR_COMMITTED_COST#ACT","94","84","94","BAR","3"
"PR_COMMITTED_COST#ACT","94","89","94","BAR","1"
"PR_COMMITTED_COST#ACT","94","104","94","BAR","4"
"PR_COMMITTED_COST#ACT","94","618","94","BAR","2"
"PR_COMMITTED_COST#ACT","94","100010024596334","94","BAR","6"
"PR_COMMITTED_COST#ACT","95","85","95","BAR","3"
"PR_COMMITTED_COST#ACT","95","90","95","BAR","1"
"PR_COMMITTED_COST#ACT","95","105","95","BAR","4"
"PR_COMMITTED_COST#ACT","95","619","95","BAR","2"
"PR_COMMITTED_COST#ACT","95","100010024596335","95","BAR","6"
"PR_COMMITTED_COST#ACT","92","82","92","BAR","3"
"PR_COMMITTED_COST#ACT","92","87","92","BAR","1"
"PR_COMMITTED_COST#ACT","92","102","92","BAR","4"
"PR_COMMITTED_COST#ACT","92","616","92","BAR","2"
"PR_COMMITTED_COST#ACT","92","100010024596332","92","BAR","6"
"RAW_COST#PT1_C","143","126","143","BAR","3"
"RAW_COST#PT1_C","143","137","143","BAR","1"
"RAW_COST#PT1_C","143","145","143","BAR","4"
"RAW_COST#PT1_C","143","155","143","BAR","2"
"RAW_COST#PT1_C","144","127","144","BAR","3"
"RAW_COST#PT1_C","144","138","144","BAR","1"
"RAW_COST#PT1_C","144","156","144","BAR","2"
"RAW_COST#PT1_C","145","128","145","BAR","3"
"RAW_COST#PT1_C","145","139","145","BAR","1"
"RAW_COST#PT1_C","145","157","145","BAR","2"
"RAW_COST#PT1_C","146","129","146","BAR","3"
"RAW_COST#PT1_C","146","140","146","BAR","1"
"RAW_COST#PT1_C","146","158","146","BAR","2"
"RAW_COST#PT1_C","147","130","147","BAR","3"
"RAW_COST#PT1_C","147","141","147","BAR","1"
"RAW_COST#PT1_C","147","159","147","BAR","2"
"RAW_COST#PT1_C","142","136","142","BAR","1"
"RAW_COST#PT1_C","142","145","142","BAR","3"
"RAW_COST#PT1_C","142","154","142","BAR","2"
"RAW_COST#PT1_OP","154","136","154","BAR","2"
"RAW_COST#PT1_OP","154","148","154","BAR","1"
"RAW_COST#PT1_OP","154","157","154","BAR","3"
"RAW_COST#PT1_OP","155","126","155","BAR      ","3"
"RAW_COST#PT1_OP","155","137","155","BAR","2"
"RAW_COST#PT1_OP","155","149","155","BAR","1"
"RAW_COST#PT1_OP","155","157","155","BAR","3"
"RAW_COST#PT1_OP","156","127","156","BAR","3"
"RAW_COST#PT1_OP","156","138","156","BAR","2"
"RAW_COST#PT1_OP","156","150","156","BAR","1"
"RAW_COST#PT1_OP","158","129","158","BAR","3"
"RAW_COST#PT1_OP","158","140","158","BAR","2"
"RAW_COST#PT1_OP","158","152","158","BAR","1"
"RAW_COST#PT1_OP","159","130","159","BAR","3"
"RAW_COST#PT1_OP","159","141","159","BAR","2"
"RAW_COST#PT1_OP","159","153","159","BAR","1"
"RAW_COST#PT1_OP","157","128","157","BAR","3"
"RAW_COST#PT1_OP","157","139","157","BAR","2"
"RAW_COST#PT1_OP","157","151","157","BAR","1"
"RETIRE_BRDN_COST#ACT","648","643","648","BAR","1"
"RETIRE_BRDN_COST#ACT","646","641","646","BAR","1"
"RETIRE_BRDN_COST#ACT","647","642","647","BAR","1"
"RETIRE_BRDN_COST#ACT","649","644","649","BAR","1"
"RETIRE_BRDN_COST#ACT","645","640","645","BAR","1"
"RETIRE_BRDN_COST#ACT","645","647","645","BAR","3"
"RETIRE_RAW_COST#ACT","640","642","640","BAR","3"
"RETIRE_RAW_COST#ACT","640","645","640","BAR","1"
"RETIRE_RAW_COST#ACT","642","647","642","BAR","1"
"RETIRE_RAW_COST#ACT","643","648","643","BAR","1"
"RETIRE_RAW_COST#ACT","644","649","644","BAR","1"
"RETIRE_RAW_COST#ACT","641","646","641","BAR","1"
"REVENUE#ACT","535","537","535","BAR","3"
"REVENUE#ACT","535","546","535","BAR","1"
"REVENUE#ACT","535","592","535","BAR","2"
"REVENUE#ACT","536","535","536","BAR","3"
"REVENUE#ACT","536","547","536","BAR","1"
"REVENUE#ACT","536","593","536","BAR","2"
"REVENUE#ACT","537","536","537","BAR","3"
"REVENUE#ACT","537","548","537","BAR","1"
"REVENUE#ACT","537","594","537","BAR","2"
"REVENUE#ACT","538","549","538","BAR","1"
"REVENUE#ACT","538","595","538","BAR","2"
"REVENUE#ACT","539","550","539","BAR","1"
"REVENUE#ACT","539","596","539","BAR","2"
"REVENUE#PT1_C","545","535","545","BAR","3"
"REVENUE#PT1_C","545","548","545","BAR","4"
"REVENUE#PT1_C","545","551","545","BAR","1"
"REVENUE#PT1_C","545","591","545","BAR","2"
"REVENUE#PT1_C","546","535","546","BAR","1"
"REVENUE#PT1_C","546","548","546","BAR","4"
"REVENUE#PT1_C","546","552","546","BAR","2"
"REVENUE#PT1_C","546","592","546","BAR","3"
"REVENUE#PT1_C","547","536","547","BAR","1"
"REVENUE#PT1_C","547","553","547","BAR","2"
"REVENUE#PT1_C","547","593","547","BAR","3"
"REVENUE#PT1_C","548","537","548","BAR","1"
"REVENUE#PT1_C","548","554","548","BAR","2"
"REVENUE#PT1_C","548","594","548","BAR","3"
"REVENUE#PT1_C","549","538","549","BAR","1"
"REVENUE#PT1_C","549","555","549","BAR","2"
"REVENUE#PT1_C","549","595","549","BAR","3"
"REVENUE#PT1_C","550","539","550","BAR","1"
"REVENUE#PT1_C","550","556","550","BAR","2"
"REVENUE#PT1_C","550","596","550","BAR","3"
"REVENUE#PT1_OP","552","535","552","BAR","1"
"REVENUE#PT1_OP","552","546","552","BAR","2"
"REVENUE#PT1_OP","552","554","552","BAR","4"
"REVENUE#PT1_OP","552","592","552","BAR","3"
"REVENUE#PT1_OP","553","536","553","BAR","1"
"REVENUE#PT1_OP","553","547","553","BAR","2"
"REVENUE#PT1_OP","553","593","553","BAR","3"
"REVENUE#PT1_OP","554","537","554","BAR","1"
"REVENUE#PT1_OP","554","548","554","BAR","2"
"REVENUE#PT1_OP","554","594","554","BAR","3"
"REVENUE#PT1_OP","555","538","555","BAR","1"
"REVENUE#PT1_OP","555","549","555","BAR","2"
"REVENUE#PT1_OP","555","595","555","BAR","3"
"REVENUE#PT1_OP","556","539","556","BAR","1"
"REVENUE#PT1_OP","556","550","556","BAR","2"
"REVENUE#PT1_OP","556","596","556","BAR","3"
"REVENUE#PT1_OP","551","535","551","BAR","3"
"REVENUE#PT1_OP","551","545","551","BAR","1"
"REVENUE#PT1_OP","551","554","551","BAR","4"
"REVENUE#PT1_OP","551","591","551","BAR","2"
"REVENUE#PT2_C","591","545","591","BAR","1"
"REVENUE#PT2_C","591","594","591","BAR","3"
"REVENUE#PT2_C","591","597","591","BAR","2"
"REVENUE#PT2_C","592","535","592","BAR","2"
"REVENUE#PT2_C","592","546","592","BAR","1"
"REVENUE#PT2_C","592","594","592","BAR","4"
"REVENUE#PT2_C","592","598","592","BAR","3"
"REVENUE#PT2_C","593","536","593","BAR","2"
"REVENUE#PT2_C","593","547","593","BAR","1"
"REVENUE#PT2_C","593","599","593","BAR","3"
"REVENUE#PT2_C","594","537","594","BAR","2"
"REVENUE#PT2_C","594","548","594","BAR","1"
"REVENUE#PT2_C","594","600","594","BAR","3"
"REVENUE#PT2_C","595","538","595","BAR","2"
"REVENUE#PT2_C","595","549","595","BAR","1"
"REVENUE#PT2_C","595","601","595","BAR","3"
"REVENUE#PT2_C","596","539","596","BAR","2"
"REVENUE#PT2_C","596","550","596","BAR","1"
"REVENUE#PT2_C","596","602","596","BAR","3"
"REVENUE#PT2_OP","597","545","597","BAR","2"
"REVENUE#PT2_OP","597","591","597","BAR","1"
"REVENUE#PT2_OP","597","600","597","BAR","3"
"REVENUE#PT2_OP","598","535","598","BAR","2"
"REVENUE#PT2_OP","598","546","598","BAR","3"
"REVENUE#PT2_OP","598","592","598","BAR","1"
"REVENUE#PT2_OP","598","600","598","BAR","4"
"REVENUE#PT2_OP","599","536","599","BAR","2"
"REVENUE#PT2_OP","599","547","599","BAR","3"
"REVENUE#PT2_OP","599","593","599","BAR","1"
"REVENUE#PT2_OP","601","538","601","BAR","2"
"REVENUE#PT2_OP","601","549","601","BAR","3"
"REVENUE#PT2_OP","601","595","601","BAR","1"
"REVENUE#PT2_OP","602","539","602","BAR","2"
"REVENUE#PT2_OP","602","550","602","BAR","3"
"REVENUE#PT2_OP","602","596","602","BAR","1"
"REVENUE#PT2_OP","600","537","600","BAR","2"
"REVENUE#PT2_OP","600","548","600","BAR","3"
"REVENUE#PT2_OP","600","594","600","BAR","1"
"REVENUE#VAR_PER_PT1_C_ACT","569","536","569","BAR","2"
"REVENUE#VAR_PER_PT1_C_ACT","569","547","569","BAR","1"
"REVENUE#VAR_PER_PT1_C_ACT","569","564","569","BAR","3"
"REVENUE#VAR_PER_PT1_C_ACT","570","537","570","BAR","2"
"REVENUE#VAR_PER_PT1_C_ACT","570","548","570","BAR","1"
"REVENUE#VAR_PER_PT1_C_ACT","570","565","570","BAR","3"
"REVENUE#VAR_PER_PT1_C_ACT","571","538","571","BAR","2"
"REVENUE#VAR_PER_PT1_C_ACT","571","549","571","BAR","1"
"REVENUE#VAR_PER_PT1_C_ACT","571","566","571","BAR","3"
"REVENUE#VAR_PER_PT1_C_ACT","568","535","568","BAR","2"
"REVENUE#VAR_PER_PT1_C_ACT","568","546","568","BAR","1"
"REVENUE#VAR_PER_PT1_C_ACT","568","563","568","BAR","3"
"REVENUE#VAR_PER_PT1_C_ACT","568","570","568","LINE","4"
"REVENUE#VAR_PER_PT1_C_ACT","572","539","572","BAR","2"
"REVENUE#VAR_PER_PT1_C_ACT","572","550","572","BAR","1"
"REVENUE#VAR_PER_PT1_C_ACT","572","567","572","BAR","3"
"REVENUE#VAR_PER_PT1_C_PT2_C","585","545","585","BAR","2"
"REVENUE#VAR_PER_PT1_C_PT2_C","585","573","585","BAR","1"
"REVENUE#VAR_PER_PT1_C_PT2_C","585","588","585","LINE","4"
"REVENUE#VAR_PER_PT1_C_PT2_C","585","591","585","BAR","3"
"REVENUE#VAR_PER_PT1_C_PT2_C","586","546","586","BAR","2"
"REVENUE#VAR_PER_PT1_C_PT2_C","586","574","586","BAR","1"
"REVENUE#VAR_PER_PT1_C_PT2_C","586","588","586","LINE","4"
"REVENUE#VAR_PER_PT1_C_PT2_C","586","592","586","BAR","3"
"REVENUE#VAR_PER_PT1_C_PT2_C","587","547","587","BAR","2"
"REVENUE#VAR_PER_PT1_C_PT2_C","587","575","587","BAR","1"
"REVENUE#VAR_PER_PT1_C_PT2_C","587","593","587","BAR","3"
"REVENUE#VAR_PER_PT1_C_PT2_C","588","548","588","BAR","2"
"REVENUE#VAR_PER_PT1_C_PT2_C","588","576","588","BAR","1"
"REVENUE#VAR_PER_PT1_C_PT2_C","588","594","588","BAR","3"
"REVENUE#VAR_PER_PT1_C_PT2_C","589","549","589","BAR","2"
"REVENUE#VAR_PER_PT1_C_PT2_C","589","577","589","BAR","1"
"REVENUE#VAR_PER_PT1_C_PT2_C","589","595","589","BAR","3"
"REVENUE#VAR_PER_PT1_C_PT2_C","590","550","590","BAR","2"
"REVENUE#VAR_PER_PT1_C_PT2_C","590","578","590","BAR","1"
"REVENUE#VAR_PER_PT1_C_PT2_C","590","596","590","BAR","3"
"REVENUE#VAR_PER_PT2_C_PT2_OP","609","591","609","BAR","2"
"REVENUE#VAR_PER_PT2_C_PT2_OP","609","597","609","BAR","3"
"REVENUE#VAR_PER_PT2_C_PT2_OP","609","603","609","BAR","1"
"REVENUE#VAR_PER_PT2_C_PT2_OP","609","612","609","LINE","4"
"REVENUE#VAR_PER_PT2_C_PT2_OP","610","592","610","BAR","2"
"REVENUE#VAR_PER_PT2_C_PT2_OP","610","598","610","BAR","3"
"REVENUE#VAR_PER_PT2_C_PT2_OP","610","604","610","BAR","1"
"REVENUE#VAR_PER_PT2_C_PT2_OP","610","612","610","LINE","4"
"REVENUE#VAR_PER_PT2_C_PT2_OP","612","594","612","BAR","2"
"REVENUE#VAR_PER_PT2_C_PT2_OP","612","600","612","BAR","3"
"REVENUE#VAR_PER_PT2_C_PT2_OP","612","606","612","BAR","1"
"REVENUE#VAR_PER_PT2_C_PT2_OP","613","595","613","BAR","2"
"REVENUE#VAR_PER_PT2_C_PT2_OP","613","601","613","BAR","3"
"REVENUE#VAR_PER_PT2_C_PT2_OP","613","607","613","BAR","1"
"REVENUE#VAR_PER_PT2_C_PT2_OP","614","596","614","BAR","2"
"REVENUE#VAR_PER_PT2_C_PT2_OP","614","602","614","BAR","3"
"REVENUE#VAR_PER_PT2_C_PT2_OP","614","608","614","BAR","1"
"REVENUE#VAR_PER_PT2_C_PT2_OP","611","593","611","BAR","2"
"REVENUE#VAR_PER_PT2_C_PT2_OP","611","599","611","BAR","3"
"REVENUE#VAR_PER_PT2_C_PT2_OP","611","605","611","BAR","1"
"REVENUE#VAR_PT1_C_ACT","563","535","563","BAR","2"
"REVENUE#VAR_PT1_C_ACT","563","546","563","BAR","1"
"REVENUE#VAR_PT1_C_ACT","563","565","563","BAR","3"
"REVENUE#VAR_PT1_C_ACT","565","537","565","BAR","2"
"REVENUE#VAR_PT1_C_ACT","565","548","565","BAR","1"
"REVENUE#VAR_PT1_C_ACT","566","538","566","BAR","2"
"REVENUE#VAR_PT1_C_ACT","566","549","566","BAR","1"
"REVENUE#VAR_PT1_C_ACT","567","539","567","BAR","2"
"REVENUE#VAR_PT1_C_ACT","567","550","567","BAR","1"
"REVENUE#VAR_PT1_C_ACT","564","536","564","BAR","2"
"REVENUE#VAR_PT1_C_ACT","564","547","564","BAR","1"
"REVENUE#VAR_PT1_C_PT1_OP","558","546","558","BAR","1"
"REVENUE#VAR_PT1_C_PT1_OP","558","552","558","BAR","2"
"REVENUE#VAR_PT1_C_PT1_OP","558","560","558","BAR","3"
"REVENUE#VAR_PT1_C_PT1_OP","559","547","559","BAR","1"
"REVENUE#VAR_PT1_C_PT1_OP","559","553","559","BAR","2"
"REVENUE#VAR_PT1_C_PT1_OP","561","549","561","BAR","1"
"REVENUE#VAR_PT1_C_PT1_OP","561","555","561","BAR","2"
"REVENUE#VAR_PT1_C_PT1_OP","562","550","562","BAR","1"
"REVENUE#VAR_PT1_C_PT1_OP","562","556","562","BAR","2"
"REVENUE#VAR_PT1_C_PT1_OP","557","545","557","BAR","1"
"REVENUE#VAR_PT1_C_PT1_OP","557","551","557","BAR","2"
"REVENUE#VAR_PT1_C_PT1_OP","557","560","557","BAR","3"
"REVENUE#VAR_PT1_C_PT1_OP","560","548","560","BAR","1"
"REVENUE#VAR_PT1_C_PT1_OP","560","554","560","BAR","2"
"REVENUE#VAR_PT1_C_PT2_C","573","545","573","BAR","1"
"REVENUE#VAR_PT1_C_PT2_C","573","576","573","BAR","3"
"REVENUE#VAR_PT1_C_PT2_C","573","591","573","BAR","2"
"REVENUE#VAR_PT1_C_PT2_C","574","546","574","BAR","1"
"REVENUE#VAR_PT1_C_PT2_C","574","576","574","BAR","3"
"REVENUE#VAR_PT1_C_PT2_C","574","592","574","BAR","2"
"REVENUE#VAR_PT1_C_PT2_C","575","547","575","BAR","1"
"REVENUE#VAR_PT1_C_PT2_C","575","593","575","BAR","2"
"REVENUE#VAR_PT1_C_PT2_C","577","549","577","BAR","1"
"REVENUE#VAR_PT1_C_PT2_C","577","595","577","BAR","2"
"REVENUE#VAR_PT1_C_PT2_C","578","550","578","BAR","1"
"REVENUE#VAR_PT1_C_PT2_C","578","596","578","BAR","2"
"REVENUE#VAR_PT1_C_PT2_C","576","548","576","BAR","1"
"REVENUE#VAR_PT1_C_PT2_C","576","594","576","BAR","2"
"REVENUE#VAR_PT2_C_PT2_OP","604","592","604","BAR","1"
"REVENUE#VAR_PT2_C_PT2_OP","604","598","604","BAR","2"
"REVENUE#VAR_PT2_C_PT2_OP","604","606","604","BAR","3"
"REVENUE#VAR_PT2_C_PT2_OP","605","593","605","BAR","1"
"REVENUE#VAR_PT2_C_PT2_OP","605","599","605","BAR","2"
"REVENUE#VAR_PT2_C_PT2_OP","606","594","606","BAR","1"
"REVENUE#VAR_PT2_C_PT2_OP","606","600","606","BAR","2"
"REVENUE#VAR_PT2_C_PT2_OP","608","596","608","BAR","1"
"REVENUE#VAR_PT2_C_PT2_OP","608","602","608","BAR","2"
"REVENUE#VAR_PT2_C_PT2_OP","603","591","603","BAR","1"
"REVENUE#VAR_PT2_C_PT2_OP","603","597","603","BAR","2"
"REVENUE#VAR_PT2_C_PT2_OP","603","606","603","BAR","3"
"REVENUE#VAR_PT2_C_PT2_OP","607","595","607","BAR","1"
"REVENUE#VAR_PT2_C_PT2_OP","607","601","607","BAR","2"
"SUM_BRDN_COST_COMMITTED_COST#ACT","131","101","131","BAR","2"
"SUM_BRDN_COST_COMMITTED_COST#ACT","131","111","131","BAR","1"
"SUM_BRDN_COST_COMMITTED_COST#ACT","131","133","131","BAR","3"
"SUM_BRDN_COST_COMMITTED_COST#ACT","133","103","133","BAR","2"
"SUM_BRDN_COST_COMMITTED_COST#ACT","133","113","133","BAR","1"
"SUM_BRDN_COST_COMMITTED_COST#ACT","134","104","134","BAR","2"
"SUM_BRDN_COST_COMMITTED_COST#ACT","134","114","134","BAR","1"
"SUM_BRDN_COST_COMMITTED_COST#ACT","135","105","135","BAR","2"
"SUM_BRDN_COST_COMMITTED_COST#ACT","135","115","135","BAR","1"
"SUM_BRDN_COST_COMMITTED_COST#ACT","132","102","132","BAR","2"
"SUM_BRDN_COST_COMMITTED_COST#ACT","132","112","132","BAR","1"
"TOTAL_HRS#ETC_PT2_C","381","253","381","LINE","2"
"TOTAL_HRS#ETC_PT2_C","381","258","381","LINE","3"
"TOTAL_HRS#ETC_PT2_C","381","308","381","LINE","1"
"TOTAL_HRS#ITD_ACT_PCT_SPENT","523","253","523","LINE","1"
"TOTAL_HRS#ITD_ACT_PCT_SPENT","523","258","523","LINE","2"
"TOTAL_HRS#PT1_C","273","279","273","LINE","1"
"TOTAL_HRS#PT1_C","273","285","273","LINE","2"
"TOTAL_HRS#PT1_C","273","291","273","LINE","3"
"TOTAL_HRS#PT1_C","273","297","273","LINE","4"
"TOTAL_HRS#PT1_C","274","276","274","LINE","1"
"TOTAL_HRS#PT1_C","274","280","274","LINE","1"
"TOTAL_HRS#PT1_C","274","286","274","LINE","2"
"TOTAL_HRS#PT1_C","274","292","274","LINE","3"
"TOTAL_HRS#PT1_C","274","298","274","LINE","4"
"TOTAL_HRS#PT1_C","275","281","275","LINE","1"
"TOTAL_HRS#PT1_C","275","287","275","LINE","2"
"TOTAL_HRS#PT1_C","275","293","275","LINE","3"
"TOTAL_HRS#PT1_C","275","299","275","LINE","4"
"TOTAL_HRS#PT1_C","277","283","277","LINE","1"
"TOTAL_HRS#PT1_C","277","289","277","LINE","2"
"TOTAL_HRS#PT1_C","277","295","277","LINE","3"
"TOTAL_HRS#PT1_C","277","301","277","LINE","4"
"TOTAL_HRS#PT1_C","278","284","278","LINE","1"
"TOTAL_HRS#PT1_C","278","290","278","LINE","2"
"TOTAL_HRS#PT1_C","278","296","278","LINE","3"
"TOTAL_HRS#PT1_C","278","302","278","LINE","4"
"TOTAL_HRS#PT1_C","276","282","276","LINE","1"
"TOTAL_HRS#PT1_C","276","288","276","LINE","2"
"TOTAL_HRS#PT1_C","276","294","276","LINE","3"
"TOTAL_HRS#PT1_C","276","300","276","LINE","4"
"TOTAL_HRS#PT2_OP","327","309","327","LINE","3"
"TOTAL_HRS#PT2_OP","327","329","327","LINE","4"
"TOTAL_HRS#PT2_OP","327","333","327","LINE","1"
"TOTAL_HRS#PT2_OP","327","339","327","LINE","2"
"TOTAL_HRS#PT2_OP","328","310","328","LINE","3"
"TOTAL_HRS#PT2_OP","328","334","328","LINE","1"
"TOTAL_HRS#PT2_OP","328","340","328","LINE","2"
"TOTAL_HRS#PT2_OP","329","311","329","LINE","3"
"TOTAL_HRS#PT2_OP","329","335","329","LINE","1"
"TOTAL_HRS#PT2_OP","329","341","329","LINE","2"
"TOTAL_HRS#PT2_OP","330","312","330","LINE","3"
"TOTAL_HRS#PT2_OP","330","336","330","LINE","1"
"TOTAL_HRS#PT2_OP","330","342","330","LINE","2"
"TOTAL_HRS#PT2_OP","331","313","331","LINE","3"
"TOTAL_HRS#PT2_OP","331","337","331","LINE","1"
"TOTAL_HRS#PT2_OP","331","343","331","LINE","2"
"TOTAL_HRS#PT2_OP","326","308","326","LINE","3"
"TOTAL_HRS#PT2_OP","326","329","326","LINE","4"
"TOTAL_HRS#PT2_OP","326","332","326","LINE","1"
"TOTAL_HRS#PT2_OP","326","338","326","LINE","2"
"TOTAL_HRS#VAR_PT2_C_PT2_OP","344","308","344","LINE","1"
"TOTAL_HRS#VAR_PT2_C_PT2_OP","344","326","344","LINE","2"
"TOTAL_HRS#VAR_PT2_C_PT2_OP","344","347","344","LINE","3"
"TOTAL_HRS#VAR_PT2_C_PT2_OP","345","309","345","LINE","1"
"TOTAL_HRS#VAR_PT2_C_PT2_OP","345","327","345","LINE","2"
"TOTAL_HRS#VAR_PT2_C_PT2_OP","345","347","345","LINE","3"
"TOTAL_HRS#VAR_PT2_C_PT2_OP","346","310","346","LINE","1"
"TOTAL_HRS#VAR_PT2_C_PT2_OP","346","328","346","LINE","2"
"TOTAL_HRS#VAR_PT2_C_PT2_OP","347","311","347","LINE","1"
"TOTAL_HRS#VAR_PT2_C_PT2_OP","347","329","347","LINE","2"
"TOTAL_HRS#VAR_PT2_C_PT2_OP","348","312","348","LINE","1"
"TOTAL_HRS#VAR_PT2_C_PT2_OP","348","330","348","LINE","2"
"TOTAL_HRS#VAR_PT2_C_PT2_OP","349","313","349","LINE","1"
"TOTAL_HRS#VAR_PT2_C_PT2_OP","349","331","349","LINE","2"
"BILL_BRDN_COST#ACT","1","3","1","BAR","4"
"BILL_BRDN_COST#ACT","1","6","1","LINE","1"
"BILL_BRDN_COST#ACT","1","41","1","BAR","2"
"BILL_BRDN_COST#ACT","1","111","1","BAR","3"
"BILL_BRDN_COST#ACT","2","7","2","LINE","1"
"BILL_BRDN_COST#ACT","2","42","2","BAR","2"
"BILL_BRDN_COST#ACT","2","112","2","BAR","3"
"BILL_BRDN_COST#ACT","3","8","3","LINE","1"
"BILL_BRDN_COST#ACT","3","43","3","BAR","2"
"BILL_BRDN_COST#ACT","3","113","3","BAR","3"
"BILL_BRDN_COST#ACT","4","9","4","LINE","1"
"BILL_BRDN_COST#ACT","4","44","4","BAR","2"
"BILL_BRDN_COST#ACT","4","114","4","BAR","3"
"BILL_BRDN_COST#ACT","5","10","5","LINE","1"
"BILL_BRDN_COST#ACT","5","45","5","BAR","2"
"BILL_BRDN_COST#ACT","5","115","5","BAR","3"
"BILL_COST_PER#ACT","6","1","6","BAR","1"
"BILL_COST_PER#ACT","6","8","6","LINE","3"
"BILL_COST_PER#ACT","6","111","6","BAR","2"
"BILL_COST_PER#ACT","7","2","7","BAR","1"
"BILL_COST_PER#ACT","7","112","7","BAR","2"
"BILL_COST_PER#ACT","8","3","8","BAR","1"
"BILL_COST_PER#ACT","8","113","8","BAR","2"
"BILL_COST_PER#ACT","9","4","9","BAR","1"
"BILL_COST_PER#ACT","9","114","9","BAR","2"
"BILL_COST_PER#ACT","10","5","10","BAR","1"
"BILL_COST_PER#ACT","10","115","10","BAR","2"
"BILL_EQUIPMENT_HRS#ACT","16","18","16","LINE","3"
"BILL_EQUIPMENT_HRS#ACT","16","253","16","LINE","2"
"BILL_EQUIPMENT_HRS#ACT","16","263","16","LINE","1"
"BILL_EQUIPMENT_HRS#ACT","17","254","17","LINE","2"
"BILL_EQUIPMENT_HRS#ACT","17","264","17","LINE","1"
"BILL_EQUIPMENT_HRS#ACT","18","255","18","LINE","2"
"BILL_EQUIPMENT_HRS#ACT","18","265","18","LINE","1"
"BILL_EQUIPMENT_HRS#ACT","20","257","20","LINE","2"
"BILL_EQUIPMENT_HRS#ACT","20","267","20","LINE","1"
"BILL_EQUIPMENT_HRS#ACT","19","256","19","LINE","2"
"BILL_EQUIPMENT_HRS#ACT","19","266","19","LINE","1"
"BILL_HRS_PER#ACT","11","13","11","LINE","5"
"BILL_HRS_PER#ACT","11","16","11","LINE","2"
"BILL_HRS_PER#ACT","11","26","11","LINE","1"
"BILL_HRS_PER#ACT","11","253","11","LINE","4"
"BILL_HRS_PER#ACT","11","258","11","LINE","3"
"BILL_HRS_PER#ACT","12","17","12","LINE","2"
"BILL_HRS_PER#ACT","12","27","12","LINE","1"
"BILL_HRS_PER#ACT","12","254","12","LINE","4"
"BILL_HRS_PER#ACT","12","259","12","LINE","3"
"BILL_HRS_PER#ACT","13","18","13","LINE","2"
"BILL_HRS_PER#ACT","13","28","13","LINE","1"
"BILL_HRS_PER#ACT","13","255","13","LINE","4"
"BILL_HRS_PER#ACT","13","260","13","LINE","3"
"BILL_HRS_PER#ACT","14","19","14","LINE","2"
"BILL_HRS_PER#ACT","14","29","14","LINE","1"
"BILL_HRS_PER#ACT","14","256","14","LINE","4"
"BILL_HRS_PER#ACT","14","261","14","LINE","3"
"BILL_HRS_PER#ACT","15","20","15","LINE","2"
"BILL_HRS_PER#ACT","15","30","15","LINE","1"
"BILL_HRS_PER#ACT","15","257","15","LINE","4"
"BILL_HRS_PER#ACT","15","262","15","LINE","3"
"BILL_LABOR_HRS#ACT","26","28","26","LINE","3"
"BILL_LABOR_HRS#ACT","26","258","26","LINE","2"
"BILL_LABOR_HRS#ACT","26","268","26","LINE","1"
"BILL_LABOR_HRS#ACT","28","260","28","LINE","2"
"BILL_LABOR_HRS#ACT","28","270","28","LINE","1"
"BILL_LABOR_HRS#ACT","29","261","29","LINE","2"
"BILL_LABOR_HRS#ACT","29","271","29","LINE","1"
"BILL_LABOR_HRS#ACT","30","262","30","LINE","2"
"BILL_LABOR_HRS#ACT","30","272","30","LINE","1"
"BILL_LABOR_HRS#ACT","27","31","27","LINE","3"
"BILL_LABOR_HRS#ACT","27","259","27","LINE","2"
"BILL_LABOR_HRS#ACT","27","269","27","LINE","1"
"BILL_RAW_COST#ACT","620","1","620","BAR","1"
"BILL_RAW_COST#ACT","620","6","620","LINE","3"
"BILL_RAW_COST#ACT","620","622","620","BAR","4"
"BILL_RAW_COST#ACT","620","625","620","BAR","2"
"BILL_RAW_COST#ACT","621","2","621","BAR","1"
"BILL_RAW_COST#ACT","621","7","621","LINE","3"
"BILL_RAW_COST#ACT","621","626","621","BAR","2"
"BILL_RAW_COST#ACT","622","3","622","BAR","1"
"BILL_RAW_COST#ACT","622","8","622","LINE","3"
"BILL_RAW_COST#ACT","622","627","622","BAR","2"
"BILL_RAW_COST#ACT","623","4","623","BAR","1"
"BILL_RAW_COST#ACT","623","9","623","LINE","3"
"BILL_RAW_COST#ACT","623","628","623","BAR","2"
"BILL_RAW_COST#ACT","624","5","624","BAR","1"
"BILL_RAW_COST#ACT","624","10","624","LINE","3"
"BILL_RAW_COST#ACT","624","629","624","BAR","2"
"BRDN_COST#ACT","111","106","111","BAR","2"
"BRDN_COST#ACT","111","113","111","BAR","3"
"BRDN_COST#ACT","111","126","111","BAR","1"
"BRDN_COST#ACT","112","107","112","BAR","2"
"BRDN_COST#ACT","112","127","112","BAR","1"
"BRDN_COST#ACT","113","108","113","BAR","2"
"BRDN_COST#ACT","113","128","113","BAR","1"
"BRDN_COST#ACT","114","109","114","BAR","2"
"BRDN_COST#ACT","114","129","114","BAR","1"
"BRDN_COST#ACT","115","110","115","BAR","2"
"BRDN_COST#ACT","115","130","115","BAR","1"
"BRDN_COST#ETC_PT2_C","380","106","380","BAR","2"
"BRDN_COST#ETC_PT2_C","380","194","380","BAR","1"
"BRDN_COST#PT1_C","136","139","136","BAR","4"
"BRDN_COST#PT1_C","136","142","136","BAR","1"
"BRDN_COST#PT1_C","136","148","136","BAR","2"
"BRDN_COST#PT1_C","136","194","136","BAR","3"
"BRDN_COST#PT1_C","138","112","138","BAR","3"
"BRDN_COST#PT1_C","138","144","138","BAR","1"
"BRDN_COST#PT1_C","138","150","138","BAR","2"
"BRDN_COST#PT1_C","139","113","139","BAR","3"
"BRDN_COST#PT1_C","139","145","139","BAR","1"
"BRDN_COST#PT1_C","139","151","139","BAR","2"
"BRDN_COST#PT1_C","141","115","141","BAR","3"
"BRDN_COST#PT1_C","141","147","141","BAR","1"
"BRDN_COST#PT1_C","141","153","141","BAR","2"
"BRDN_COST#PT1_C","137","111","137","BAR","3"
"BRDN_COST#PT1_C","137","139","137","BAR","4"
"BRDN_COST#PT1_C","137","143","137","BAR","1"
"BRDN_COST#PT1_C","137","149","137","BAR","2"
"BRDN_COST#PT1_C","140","114","140","BAR","3"
"BRDN_COST#PT1_C","140","146","140","BAR","1"
"BRDN_COST#PT1_C","140","152","140","BAR","2"
"BRDN_COST#PT1_OP","148","136","148","BAR","2"
"BRDN_COST#PT1_OP","148","151","148","BAR","3"
"BRDN_COST#PT1_OP","148","154","148","BAR","1"
"BRDN_COST#PT1_OP","149","111","149","BAR","3"
"BRDN_COST#PT1_OP","149","137","149","BAR","2"
"BRDN_COST#PT1_OP","149","151","149","BAR","4"
"BRDN_COST#PT1_OP","149","155","149","BAR","1"
"BRDN_COST#PT1_OP","150","112","150","BAR","3"
"BRDN_COST#PT1_OP","150","138","150","BAR","2"
"BRDN_COST#PT1_OP","150","156","150","BAR","1"
"BRDN_COST#PT1_OP","151","113","151","BAR","3"
"BRDN_COST#PT1_OP","151","139","151","BAR","2"
"BRDN_COST#PT1_OP","151","157","151","BAR","1"
"BRDN_COST#PT1_OP","152","114","152","BAR","3"
"BRDN_COST#PT1_OP","152","140","152","BAR","2"
"BRDN_COST#PT1_OP","152","158","152","BAR","1"
"BRDN_COST#PT1_OP","153","115","153","BAR","3"
"BRDN_COST#PT1_OP","153","141","153","BAR","2"
"BRDN_COST#PT1_OP","153","159","153","BAR","1"
"BRDN_COST#PT2_OP","200","136","200","BAR","2"
"BRDN_COST#PT2_OP","200","194","200","BAR","1"
"BRDN_COST#PT2_OP","200","203","200","BAR","3"
"BRDN_COST#PT2_OP","202","138","202","BAR","2"
"BRDN_COST#PT2_OP","202","196","202","BAR","1"
"BRDN_COST#PT2_OP","203","139","203","BAR","2"
"BRDN_COST#PT2_OP","203","197","203","BAR","1"
"BRDN_COST#PT2_OP","205","141","205","BAR","2"
"BRDN_COST#PT2_OP","205","199","205","BAR","1"
"BRDN_COST#PT2_OP","201","137","201","BAR","2"
"BRDN_COST#PT2_OP","201","195","201","BAR","1"
"BRDN_COST#PT2_OP","201","203","201","BAR","3"
"BRDN_COST#PT2_OP","204","140","204","BAR","2"
"BRDN_COST#PT2_OP","204","198","204","BAR","1"
"BRDN_COST#VAR_PER_PT1_C_ACT","177","111","177","BAR","3"
"BRDN_COST#VAR_PER_PT1_C_ACT","177","137","177","BAR","2"
"BRDN_COST#VAR_PER_PT1_C_ACT","177","160","177","",""
"BRDN_COST#VAR_PER_PT1_C_ACT","177","179","177","LINE","4"
"BRDN_COST#VAR_PER_PT1_C_ACT","178","112","178","BAR","3"
"BRDN_COST#VAR_PER_PT1_C_ACT","178","138","178","BAR","2"
"BRDN_COST#VAR_PER_PT1_C_ACT","179","113","179","BAR","3"
"BRDN_COST#VAR_PER_PT1_C_ACT","179","139","179","BAR","2"
"BRDN_COST#VAR_PER_PT1_C_ACT","181","115","181","BAR","3"
"BRDN_COST#VAR_PER_PT1_C_ACT","181","141","181","BAR","2"
"BRDN_COST#VAR_PER_PT1_C_ACT","180","114","180","BAR","3"
"BRDN_COST#VAR_PER_PT1_C_ACT","180","140","180","BAR","2"
"BRDN_COST#VAR_PER_PT1_C_PT1_OP","171","136","171","BAR","1"
"BRDN_COST#VAR_PER_PT1_C_PT1_OP","171","148","171","BAR","2"
"BRDN_COST#VAR_PER_PT1_C_PT1_OP","171","174","171","LINE","3"
"BRDN_COST#VAR_PER_PT1_C_PT1_OP","173","138","173","BAR","1"
"BRDN_COST#VAR_PER_PT1_C_PT1_OP","173","150","173","BAR","2"
"BRDN_COST#VAR_PER_PT1_C_PT1_OP","174","139","174","BAR","1"
"BRDN_COST#VAR_PER_PT1_C_PT1_OP","174","151","174","BAR","2"
"BRDN_COST#VAR_PER_PT1_C_PT1_OP","175","140","175","BAR","1"
"BRDN_COST#VAR_PER_PT1_C_PT1_OP","175","152","175","BAR","2"
"BRDN_COST#VAR_PER_PT1_C_PT1_OP","176","141","176","BAR","1"
"BRDN_COST#VAR_PER_PT1_C_PT1_OP","176","153","176","BAR","2"
"BRDN_COST#VAR_PER_PT1_C_PT1_OP","172","137","172","BAR","1"
"BRDN_COST#VAR_PER_PT1_C_PT1_OP","172","149","172","BAR","2"
"BRDN_COST#VAR_PER_PT1_C_PT1_OP","172","174","172","LINE","3"
"BRDN_COST#VAR_PER_PT2_C_PT2_OP","213","195","213","BAR","2"
"BRDN_COST#VAR_PER_PT2_C_PT2_OP","213","201","213","BAR","3"
"BRDN_COST#VAR_PER_PT2_C_PT2_OP","213","207","213","BAR","1"
"BRDN_COST#VAR_PER_PT2_C_PT2_OP","213","215","213","LINE","4"
"BRDN_COST#VAR_PER_PT2_C_PT2_OP","214","196","214","BAR","2"
"BRDN_COST#VAR_PER_PT2_C_PT2_OP","214","202","214","BAR","3"
"BRDN_COST#VAR_PER_PT2_C_PT2_OP","214","208","214","BAR","1"
"BRDN_COST#VAR_PER_PT2_C_PT2_OP","215","197","215","BAR","2"
"BRDN_COST#VAR_PER_PT2_C_PT2_OP","215","203","215","BAR","3"
"BRDN_COST#VAR_PER_PT2_C_PT2_OP","215","209","215","BAR","1"
"BRDN_COST#VAR_PER_PT2_C_PT2_OP","217","199","217","BAR","2"
"BRDN_COST#VAR_PER_PT2_C_PT2_OP","217","205","217","BAR","3"
"BRDN_COST#VAR_PER_PT2_C_PT2_OP","217","211","217","BAR","1"
"BRDN_COST#VAR_PER_PT2_C_PT2_OP","212","194","212","BAR","2"
"BRDN_COST#VAR_PER_PT2_C_PT2_OP","212","200","212","BAR","3"
"BRDN_COST#VAR_PER_PT2_C_PT2_OP","212","206","212","BAR","1"
"BRDN_COST#VAR_PER_PT2_C_PT2_OP","212","215","212","LINE","4"
"BRDN_COST#VAR_PER_PT2_C_PT2_OP","216","198","216","BAR","2"
"BRDN_COST#VAR_PER_PT2_C_PT2_OP","216","204","216","BAR","3"
"BRDN_COST#VAR_PER_PT2_C_PT2_OP","216","210","216","BAR","1"
"BRDN_COST#VAR_PT1_C_ACT","161","112","161","BAR","2"
"BRDN_COST#VAR_PT1_C_ACT","161","138","161","BAR","1"
"BRDN_COST#VAR_PT1_C_ACT","161","178","161","LINE","3"
"BRDN_COST#VAR_PT1_C_ACT","162","113","162","BAR","2"
"BRDN_COST#VAR_PT1_C_ACT","162","139","162","BAR","1"
"BRDN_COST#VAR_PT1_C_ACT","162","179","162","LINE","3"
"BRDN_COST#VAR_PT1_C_ACT","163","114","163","BAR","2"
"BRDN_COST#VAR_PT1_C_ACT","163","140","163","BAR","1"
"BRDN_COST#VAR_PT1_C_ACT","163","180","163","LINE","3"
"BRDN_COST#VAR_PT1_C_ACT","160","111","160","BAR","2"
"BRDN_COST#VAR_PT1_C_ACT","160","137","160","BAR","1"
"BRDN_COST#VAR_PT1_C_ACT","160","162","160","BAR","4"
"BRDN_COST#VAR_PT1_C_ACT","160","177","160","LINE","3"
"BRDN_COST#VAR_PT1_C_ACT","164","115","164","BAR","2"
"BRDN_COST#VAR_PT1_C_ACT","164","141","164","BAR","1"
"BRDN_COST#VAR_PT1_C_ACT","164","181","164","LINE","3"
"BRDN_COST#VAR_PT1_C_PT2_C","165","136","165","BAR","1"
"BRDN_COST#VAR_PT1_C_PT2_C","165","194","165","BAR","2"
"BRDN_COST#VAR_PT1_C_PT2_C","165","380","165","LINE","3"
"BRDN_COST#VAR_PT1_C_PT2_C","667","138","667","BAR","1"
"BRDN_COST#VAR_PT1_C_PT2_C","667","196","667","BAR","2"
"BRDN_COST#VAR_PT1_C_PT2_C","667","380","667","LINE","3"
"BRDN_COST#VAR_PT1_C_PT2_C","668","139","668","BAR","1"
"BRDN_COST#VAR_PT1_C_PT2_C","668","197","668","BAR","2"
"BRDN_COST#VAR_PT1_C_PT2_C","668","380","668","LINE","3"
"BRDN_COST#VAR_PT1_C_PT2_C","669","140","669","BAR","1"
"BRDN_COST#VAR_PT1_C_PT2_C","669","198","669","BAR","2"
"BRDN_COST#VAR_PT1_C_PT2_C","669","380","669","LINE","3"
"BRDN_COST#VAR_PT1_C_PT2_C","671","137","671","BAR","1"
"BRDN_COST#VAR_PT1_C_PT2_C","671","195","671","BAR","2"
"BRDN_COST#VAR_PT1_C_PT2_C","671","380","671","LINE","3"
"BRDN_COST#VAR_PT1_C_PT2_C","670","141","670","BAR","1"
"BRDN_COST#VAR_PT1_C_PT2_C","670","199","670","BAR","2"
"BRDN_COST#VAR_PT1_C_PT2_C","670","380","670","LINE","3"
"BRDN_COST#VAR_PT1_OP_ACT","166","111","166","BAR","2"
"BRDN_COST#VAR_PT1_OP_ACT","166","149","166","BAR","1"
"BRDN_COST#VAR_PT1_OP_ACT","166","168","166","BAR","3"
"BRDN_COST#VAR_PT1_OP_ACT","167","112","167","BAR","2"
"BRDN_COST#VAR_PT1_OP_ACT","167","150","167","BAR","1"
"BRDN_COST#VAR_PT1_OP_ACT","169","114","169","BAR","2"
"BRDN_COST#VAR_PT1_OP_ACT","169","152","169","BAR","1"
"BRDN_COST#VAR_PT1_OP_ACT","170","115","170","BAR","2"
"BRDN_COST#VAR_PT1_OP_ACT","170","153","170","BAR","1"
"BRDN_COST#VAR_PT1_OP_ACT","168","113","168","BAR","2"
"BRDN_COST#VAR_PT1_OP_ACT","168","151","168","BAR","1"
"BRDN_COST#VAR_PT1_OP_PT2_C","182","148","182","BAR","1"
"BRDN_COST#VAR_PT1_OP_PT2_C","182","185","182","BAR","4"
"BRDN_COST#VAR_PT1_OP_PT2_C","182","194","182","BAR","2"
"BRDN_COST#VAR_PT1_OP_PT2_C","183","149","183","BAR","1"
"BRDN_COST#VAR_PT1_OP_PT2_C","183","185","183","BAR","3"
"BRDN_COST#VAR_PT1_OP_PT2_C","183","195","183","BAR","2"
"BRDN_COST#VAR_PT1_OP_PT2_C","184","150","184","BAR","1"
"BRDN_COST#VAR_PT1_OP_PT2_C","184","196","184","BAR","2"
"BRDN_COST#VAR_PT1_OP_PT2_C","185","151","185","BAR","1"
"BRDN_COST#VAR_PT1_OP_PT2_C","185","197","185","BAR","2"
"BRDN_COST#VAR_PT1_OP_PT2_C","186","152","186","BAR","1"
"BRDN_COST#VAR_PT1_OP_PT2_C","186","198","186","BAR","2"
"BRDN_COST#VAR_PT1_OP_PT2_C","187","153","187","BAR","1"
"BRDN_COST#VAR_PT1_OP_PT2_C","187","199","187","BAR","2"
"BRD_COST#ACT","106","108","106","BAR","3"
"BRD_COST#ACT","106","111","106","BAR","2"
"BRD_COST#ACT","106","126","106","BAR","1"
"BRD_COST#ACT","107","112","107","BAR","2"
"BRD_COST#ACT","107","127","107","BAR","1"
"BRD_COST#ACT","108","113","108","BAR","2"
"BRD_COST#ACT","108","128","108","BAR","1"
"BRD_COST#ACT","109","114","109","BAR","2"
"BRD_COST#ACT","109","129","109","BAR","1"
"BRD_COST#ACT","110","115","110","BAR","2"
"BRD_COST#ACT","110","130","110","BAR","1"
"CAP_BRDN_COST#ACT","66","61","66","LINE","2"
"CAP_BRDN_COST#ACT","66","68","66","BAR","3"
"CAP_BRDN_COST#ACT","66","76","66","BAR","1"
"CAP_BRDN_COST#ACT","67","62","67","LINE","2"
"CAP_BRDN_COST#ACT","67","77","67","BAR","1"
"CAP_BRDN_COST#ACT","68","63","68","LINE","2"
"CAP_BRDN_COST#ACT","68","78","68","BAR","1"
"CAP_BRDN_COST#ACT","70","65","70","LINE","2"
"CAP_BRDN_COST#ACT","70","80","70","BAR","1"
"CAP_BRDN_COST#ACT","69","64","69","LINE","2"
"CAP_BRDN_COST#ACT","69","79","69","BAR","1"
"CAP_RAW_COST#ACT","630","66","630","BAR","2"
"CAP_RAW_COST#ACT","630","632","630","BAR","3"
"CAP_RAW_COST#ACT","630","635","630","BAR","1"
"CAP_RAW_COST#ACT","631","67","631","BAR","2"
"CAP_RAW_COST#ACT","631","636","631","BAR","1"
"CAP_RAW_COST#ACT","632","68","632","BAR","2"
"CAP_RAW_COST#ACT","632","637","632","BAR","1"
"CAP_RAW_COST#ACT","633","69","633","BAR","2"
"CAP_RAW_COST#ACT","633","638","633","BAR","1"
"CAP_RAW_COST#ACT","634","70","634","BAR","2"
"CAP_RAW_COST#ACT","634","639","634","BAR","1"
"EQUIPMENT_HRS#ACT","253","16","253","LINE","2"
"EQUIPMENT_HRS#ACT","253","255","253","LINE","3"
"EQUIPMENT_HRS#ACT","253","263","253","LINE","1"
"EQUIPMENT_HRS#ACT","254","17","254","LINE","2"
"EQUIPMENT_HRS#ACT","254","264","254","LINE","1"
"EQUIPMENT_HRS#ACT","256","19","256","LINE","2"
"EQUIPMENT_HRS#ACT","256","266","256","LINE","1"
"EQUIPMENT_HRS#ACT","257","20","257","LINE","2"
"EQUIPMENT_HRS#ACT","257","267","257","LINE","1"
"EQUIPMENT_HRS#ACT","255","18","255","LINE","2"
"EQUIPMENT_HRS#ACT","255","265","255","LINE","1"
"EQUIPMENT_HRS#ETC_PT2_C","378","253","378","LINE","2"
"EQUIPMENT_HRS#ETC_PT2_C","378","314","378","LINE","1"
"EQUIPMENT_HRS#ETC_PT2_C","378","317","378","LINE","3"
"EQUIPMENT_HRS#PT1_C","279","282","279","LINE","3"
"EQUIPMENT_HRS#PT1_C","279","291","279","LINE","1"
"EQUIPMENT_HRS#PT1_C","279","314","279","LINE","2"
"EQUIPMENT_HRS#PT1_C","281","254","281","LINE","3"
"EQUIPMENT_HRS#PT1_C","281","293","281","LINE","1"
"EQUIPMENT_HRS#PT1_C","281","316","281","LINE","2"
"EQUIPMENT_HRS#PT1_C","282","255","282","LINE","3"
"EQUIPMENT_HRS#PT1_C","282","294","282","LINE","1"
"EQUIPMENT_HRS#PT1_C","282","317","282","LINE","2"
"EQUIPMENT_HRS#PT1_C","283","256","283","LINE","3"
"EQUIPMENT_HRS#PT1_C","283","295","283","LINE","1"
"EQUIPMENT_HRS#PT1_C","283","318","283","LINE","2"
"EQUIPMENT_HRS#PT1_C","280","253","280","LINE","3"
"EQUIPMENT_HRS#PT1_C","280","282","280","LINE","4"
"EQUIPMENT_HRS#PT1_C","280","292","280","LINE","1"
"EQUIPMENT_HRS#PT1_C","280","315","280","LINE","2"
"EQUIPMENT_HRS#PT1_C","284","257","284","LINE","3"
"EQUIPMENT_HRS#PT1_C","284","296","284","LINE","1"
"EQUIPMENT_HRS#PT1_C","284","319","284","LINE","2"
"EQUIPMENT_HRS#PT1_OP","292","253","292","LINE","3"
"EQUIPMENT_HRS#PT1_OP","292","280","292","LINE","1"
"EQUIPMENT_HRS#PT1_OP","292","294","292","LINE","4"
"EQUIPMENT_HRS#PT1_OP","292","315","292","LINE","2"
"EQUIPMENT_HRS#PT1_OP","293","254","293","LINE","3"
"EQUIPMENT_HRS#PT1_OP","293","281","293","LINE","1"
"EQUIPMENT_HRS#PT1_OP","293","316","293","LINE","2"
"EQUIPMENT_HRS#PT1_OP","295","256","295","LINE","3"
"EQUIPMENT_HRS#PT1_OP","295","283","295","LINE","1"
"EQUIPMENT_HRS#PT1_OP","295","318","295","LINE","2"
"EQUIPMENT_HRS#PT1_OP","296","257","296","LINE","3"
"EQUIPMENT_HRS#PT1_OP","296","284","296","LINE","1"
"EQUIPMENT_HRS#PT1_OP","296","319","296","LINE","2"
"EQUIPMENT_HRS#PT1_OP","291","279","291","LINE","1"
"EQUIPMENT_HRS#PT1_OP","291","294","291","LINE","3"
"EQUIPMENT_HRS#PT1_OP","291","314","291","LINE","2"
"EQUIPMENT_HRS#PT1_OP","294","255","294","LINE","3"
"EQUIPMENT_HRS#PT1_OP","294","282","294","LINE","1"
"EQUIPMENT_HRS#PT1_OP","294","317","294","LINE","2"
"EQUIPMENT_HRS#PT2_C","314","317","314","LINE","3"
"EQUIPMENT_HRS#PT2_C","314","332","314","LINE","1"
"EQUIPMENT_HRS#PT2_C","316","254","316","LINE","2"
"EQUIPMENT_HRS#PT2_C","316","334","316","LINE","1"
"EQUIPMENT_HRS#PT2_C","317","255","317","LINE","2"
"EQUIPMENT_HRS#PT2_C","317","335","317","LINE","1"
"EQUIPMENT_HRS#PT2_C","318","256","318","LINE","2"
"EQUIPMENT_HRS#PT2_C","318","336","318","LINE","1"
"EQUIPMENT_HRS#PT2_C","315","253","315","LINE","2"
"EQUIPMENT_HRS#PT2_C","315","317","315","LINE","3"
"EQUIPMENT_HRS#PT2_C","315","333","315","LINE","1"
"EQUIPMENT_HRS#PT2_C","319","257","319","LINE","2"
"EQUIPMENT_HRS#PT2_C","319","337","319","LINE","1"
"EQUIPMENT_HRS#PT2_OP","333","253","333","LINE","2"
"EQUIPMENT_HRS#PT2_OP","333","315","333","LINE","1"
"EQUIPMENT_HRS#PT2_OP","333","335","333","LINE","3"
"EQUIPMENT_HRS#PT2_OP","334","254","334","LINE","2"
"EQUIPMENT_HRS#PT2_OP","334","316","334","LINE","1"
"EQUIPMENT_HRS#PT2_OP","336","256","336","LINE","2"
"EQUIPMENT_HRS#PT2_OP","336","318","336","LINE","1"
"EQUIPMENT_HRS#PT2_OP","337","257","337","LINE","2"
"EQUIPMENT_HRS#PT2_OP","337","319","337","LINE","1"
"EQUIPMENT_HRS#PT2_OP","332","314","332","LINE","1"
"EQUIPMENT_HRS#PT2_OP","332","335","332","LINE","2"
"EQUIPMENT_HRS#PT2_OP","335","255","335","LINE","2"
"EQUIPMENT_HRS#PT2_OP","335","317","335","LINE","1"
"EQUIPMENT_HRS#VAR_PER_PT2_C_ACT","368","253","368","LINE","2"
"EQUIPMENT_HRS#VAR_PER_PT2_C_ACT","368","315","368","LINE","1"
"EQUIPMENT_HRS#VAR_PER_PT2_C_ACT","368","370","368","LINE","3"
"EQUIPMENT_HRS#VAR_PER_PT2_C_ACT","369","254","369","LINE","2"
"EQUIPMENT_HRS#VAR_PER_PT2_C_ACT","369","316","369","LINE","1"
"EQUIPMENT_HRS#VAR_PER_PT2_C_ACT","370","255","370","LINE","2"
"EQUIPMENT_HRS#VAR_PER_PT2_C_ACT","370","317","370","LINE","1"
"EQUIPMENT_HRS#VAR_PER_PT2_C_ACT","372","257","372","LINE","2"
"EQUIPMENT_HRS#VAR_PER_PT2_C_ACT","372","319","372","LINE","1"
"EQUIPMENT_HRS#VAR_PER_PT2_C_ACT","371","256","371","LINE","2"
"EQUIPMENT_HRS#VAR_PER_PT2_C_ACT","371","318","371","LINE","1"
"EQUIPMENT_HRS#VAR_PER_PT2_C_PT2_OP","350","314","350","LINE","1"
"EQUIPMENT_HRS#VAR_PER_PT2_C_PT2_OP","350","332","350","LINE","2"
"EQUIPMENT_HRS#VAR_PER_PT2_C_PT2_OP","350","353","350","LINE","3"
"EQUIPMENT_HRS#VAR_PER_PT2_C_PT2_OP","351","315","351","LINE","1"
"EQUIPMENT_HRS#VAR_PER_PT2_C_PT2_OP","351","333","351","LINE","2"
"EQUIPMENT_HRS#VAR_PER_PT2_C_PT2_OP","351","353","351","LINE","3"
"EQUIPMENT_HRS#VAR_PER_PT2_C_PT2_OP","352","316","352","LINE","1"
"EQUIPMENT_HRS#VAR_PER_PT2_C_PT2_OP","352","334","352","LINE","2"
"EQUIPMENT_HRS#VAR_PER_PT2_C_PT2_OP","353","317","353","LINE","1"
"EQUIPMENT_HRS#VAR_PER_PT2_C_PT2_OP","353","335","353","LINE","2"
"EQUIPMENT_HRS#VAR_PER_PT2_C_PT2_OP","354","318","354","LINE","1"
"EQUIPMENT_HRS#VAR_PER_PT2_C_PT2_OP","354","336","354","LINE","2"
"EQUIPMENT_HRS#VAR_PER_PT2_C_PT2_OP","355","319","355","LINE","1"
"EQUIPMENT_HRS#VAR_PER_PT2_C_PT2_OP","355","337","355","LINE","2"
"INVOICE_AMT#ACT","36","1","36","BAR","1"
"INVOICE_AMT#ACT","36","38","36","BAR","3"
"INVOICE_AMT#ACT","37","2","37","BAR","1"
"INVOICE_AMT#ACT","39","4","39","BAR","1"
"INVOICE_AMT#ACT","40","5","40","BAR","1"
"INVOICE_AMT#ACT","38","3","38","BAR","1"
"LABOR_BRDN_COST#ACT","117","122","117","BAR","1"
"LABOR_BRDN_COST#ACT","117","259","117","LINE","2"
"LABOR_BRDN_COST#ACT","118","123","118","BAR","1"
"LABOR_BRDN_COST#ACT","118","260","118","LINE","2"
"LABOR_BRDN_COST#ACT","119","124","119","BAR","1"
"LABOR_BRDN_COST#ACT","119","261","119","LINE","2"
"LABOR_BRDN_COST#ACT","116","118","116","BAR","3"
"LABOR_BRDN_COST#ACT","116","121","116","BAR","1"
"LABOR_BRDN_COST#ACT","116","258","116","LINE","2"
"LABOR_BRDN_COST#ACT","120","125","120","BAR","1"
"LABOR_BRDN_COST#ACT","120","262","120","LINE","2"
"LABOR_HRS#ACT","258","26","258","LINE","2"
"LABOR_HRS#ACT","258","260","258","LINE","3"
"LABOR_HRS#ACT","258","268","258","LINE","1"
"LABOR_HRS#ACT","260","28","260","LINE","2"
"LABOR_HRS#ACT","260","270","260","LINE","1"
"LABOR_HRS#ACT","261","29","261","LINE","2"
"LABOR_HRS#ACT","261","271","261","LINE","1"
"LABOR_HRS#ACT","262","30","262","LINE","2"
"LABOR_HRS#ACT","262","272","262","LINE","1"
"LABOR_HRS#ACT","259","27","259","LINE","2"
"LABOR_HRS#ACT","259","269","259","LINE","1"
"LABOR_HRS#ETC_PT2_C","379","258","379","LINE","2"
"LABOR_HRS#ETC_PT2_C","379","320","379","LINE","1"
"LABOR_HRS#ETC_PT2_C","379","323","379","LINE","3"
"LABOR_HRS#ITD_ACT_PCT_SPENT","525","258","525","LINE","1"
"LABOR_HRS#ITD_ACT_PCT_SPENT","525","285","525","LINE","2"
"LABOR_HRS#PT1_C","285","288","285","LINE","3"
"LABOR_HRS#PT1_C","285","297","285","LINE","1"
"LABOR_HRS#PT1_C","285","320","285","LINE","2"
"LABOR_HRS#PT1_C","286","258","286","LINE     ","3"
"LABOR_HRS#PT1_C","286","288","286","LINE","3"
"LABOR_HRS#PT1_C","286","298","286","LINE","1"
"LABOR_HRS#PT1_C","286","321","286","LINE","2"
"LABOR_HRS#PT1_C","288","260","288","LINE     ","3"
"LABOR_HRS#PT1_C","288","300","288","LINE","1"
"LABOR_HRS#PT1_C","288","323","288","LINE","2"
"LABOR_HRS#PT1_C","289","261","289","LINE","3"
"LABOR_HRS#PT1_C","289","301","289","LINE","1"
"LABOR_HRS#PT1_C","289","324","289","LINE","2"
"LABOR_HRS#PT1_C","290","262","290","LINE","3"
"LABOR_HRS#PT1_C","290","302","290","LINE","1"
"LABOR_HRS#PT1_C","290","325","290","LINE","2"
"LABOR_HRS#PT1_C","287","259","287","LINE     ","3"
"LABOR_HRS#PT1_C","287","299","287","LINE","1"
"LABOR_HRS#PT1_C","287","322","287","LINE","2"
"LABOR_HRS#PT1_OP","297","285","297","LINE","1"
"LABOR_HRS#PT1_OP","297","300","297","LINE","3"
"LABOR_HRS#PT1_OP","297","320","297","LINE","2"
"LABOR_HRS#PT1_OP","299","259","299","LINE","3"
"LABOR_HRS#PT1_OP","299","287","299","LINE","1"
"LABOR_HRS#PT1_OP","299","322","299","LINE","2"
"LABOR_HRS#PT1_OP","300","260","300","LINE","3"
"LABOR_HRS#PT1_OP","300","288","300","LINE","1"
"LABOR_HRS#PT1_OP","300","323","300","LINE","2"
"LABOR_HRS#PT1_OP","301","261","301","LINE","3"
"LABOR_HRS#PT1_OP","301","289","301","LINE","1"
"LABOR_HRS#PT1_OP","301","324","301","LINE","2"
"LABOR_HRS#PT1_OP","302","262","302","LINE","3"
"LABOR_HRS#PT1_OP","302","290","302","LINE","1"
"LABOR_HRS#PT1_OP","302","325","302","LINE","2"
"LABOR_HRS#PT1_OP","298","258","298","LINE","3"
"LABOR_HRS#PT1_OP","298","286","298","LINE","1"
"LABOR_HRS#PT1_OP","298","300","298","LINE","4"
"LABOR_HRS#PT1_OP","298","321","298","LINE","2"
"LABOR_HRS#PT2_C","320","323","320","LINE","3"
"LABOR_HRS#PT2_C","320","338","320","LINE","1"
"LABOR_HRS#PT2_C","321","258","321","LINE","2"
"LABOR_HRS#PT2_C","321","323","321","LINE","3"
"LABOR_HRS#PT2_C","321","339","321","LINE","1"
"LABOR_HRS#PT2_C","323","260","323","LINE","2"
"LABOR_HRS#PT2_C","323","341","323","LINE","1"
"LABOR_HRS#PT2_C","324","261","324","LINE","2"
"LABOR_HRS#PT2_C","324","342","324","LINE","1"
"LABOR_HRS#PT2_C","325","262","325","LINE","2"
"LABOR_HRS#PT2_C","325","343","325","LINE","1"
"LABOR_HRS#PT2_C","322","259","322","LINE","2"
"LABOR_HRS#PT2_C","322","340","322","LINE","1"
"LABOR_HRS#PT2_OP","338","320","338","LINE","1"
"LABOR_HRS#PT2_OP","338","341","338","LINE","2"
"LABOR_HRS#PT2_OP","340","259","340","LINE","2"
"LABOR_HRS#PT2_OP","340","322","340","LINE","1"
"LABOR_HRS#PT2_OP","341","260","341","LINE","2"
"LABOR_HRS#PT2_OP","341","323","341","LINE","1"
"LABOR_HRS#PT2_OP","342","261","342","LINE","2"
"LABOR_HRS#PT2_OP","342","324","342","LINE","1"
"LABOR_HRS#PT2_OP","339","258","339","LINE","2"
"LABOR_HRS#PT2_OP","339","321","339","LINE","1"
"LABOR_HRS#PT2_OP","339","341","339","LINE","3"
"LABOR_HRS#PT2_OP","343","262","343","LINE","2"
"LABOR_HRS#PT2_OP","343","325","343","LINE","1"
"LABOR_HRS#VAR_PER_PT1_C_ACT","303","258","303","LINE","2"
"LABOR_HRS#VAR_PER_PT1_C_ACT","303","285","303","LINE","1"
"LABOR_HRS#VAR_PER_PT1_C_ACT","303","305","303","LINE","3"
"LABOR_HRS#VAR_PER_PT1_C_ACT","304","259","304","LINE","2"
"LABOR_HRS#VAR_PER_PT1_C_ACT","304","286","304","LINE","1"
"LABOR_HRS#VAR_PER_PT1_C_ACT","305","260","305","LINE","2"
"LABOR_HRS#VAR_PER_PT1_C_ACT","305","287","305","LINE","1"
"LABOR_HRS#VAR_PER_PT1_C_ACT","306","261","306","LINE","2"
"LABOR_HRS#VAR_PER_PT1_C_ACT","306","288","306","LINE","1"
"LABOR_HRS#VAR_PER_PT1_C_ACT","307","262","307","LINE","2"
"LABOR_HRS#VAR_PER_PT1_C_ACT","307","289","307","LINE","1"
"LABOR_HRS#VAR_PER_PT1_C_PT2_C","661","273","661","LINE","1"
"LABOR_HRS#VAR_PER_PT1_C_PT2_C","661","320","661","LINE","2"
"LABOR_HRS#VAR_PER_PT1_C_PT2_C","661","323","661","LINE","3"
"LABOR_HRS#VAR_PER_PT1_C_PT2_C","663","275","663","LINE","1"
"LABOR_HRS#VAR_PER_PT1_C_PT2_C","663","322","663","LINE","2"
"LABOR_HRS#VAR_PER_PT1_C_PT2_C","664","276","664","LINE","1"
"LABOR_HRS#VAR_PER_PT1_C_PT2_C","664","323","664","LINE","2"
"LABOR_HRS#VAR_PER_PT1_C_PT2_C","665","277","665","LINE","1"
"LABOR_HRS#VAR_PER_PT1_C_PT2_C","665","324","665","LINE","2"
"LABOR_HRS#VAR_PER_PT1_C_PT2_C","662","274","662","LINE","1"
"LABOR_HRS#VAR_PER_PT1_C_PT2_C","662","321","662","LINE","2"
"LABOR_HRS#VAR_PER_PT1_C_PT2_C","662","664","662","LINE","3"
"LABOR_HRS#VAR_PER_PT1_C_PT2_C","666","278","666","LINE","1"
"LABOR_HRS#VAR_PER_PT1_C_PT2_C","666","325","666","LINE","2"
"LABOR_HRS#VAR_PER_PT2_C_ACT","373","258","373","LINE","2"
"LABOR_HRS#VAR_PER_PT2_C_ACT","373","321","373","LINE","1"
"LABOR_HRS#VAR_PER_PT2_C_ACT","373","375","373","LINE","3"
"LABOR_HRS#VAR_PER_PT2_C_ACT","374","259","374","LINE","2"
"LABOR_HRS#VAR_PER_PT2_C_ACT","374","322","374","LINE","1"
"LABOR_HRS#VAR_PER_PT2_C_ACT","376","261","376","LINE","2"
"LABOR_HRS#VAR_PER_PT2_C_ACT","376","324","376","LINE","1"
"LABOR_HRS#VAR_PER_PT2_C_ACT","377","262","377","LINE","2"
"LABOR_HRS#VAR_PER_PT2_C_ACT","377","325","377","LINE","1"
"LABOR_HRS#VAR_PER_PT2_C_ACT","375","260","375","LINE","2"
"LABOR_HRS#VAR_PER_PT2_C_ACT","375","323","375","LINE","1"
"LABOR_HRS#VAR_PER_PT2_C_PT2_OP","362","320","362","LINE","1"
"LABOR_HRS#VAR_PER_PT2_C_PT2_OP","362","338","362","LINE","2"
"LABOR_HRS#VAR_PER_PT2_C_PT2_OP","362","365","362","LINE","3"
"LABOR_HRS#VAR_PER_PT2_C_PT2_OP","364","322","364","LINE","1"
"LABOR_HRS#VAR_PER_PT2_C_PT2_OP","364","340","364","LINE","2"
"LABOR_HRS#VAR_PER_PT2_C_PT2_OP","365","323","365","LINE","1"
"LABOR_HRS#VAR_PER_PT2_C_PT2_OP","365","341","365","LINE","2"
"LABOR_HRS#VAR_PER_PT2_C_PT2_OP","366","324","366","LINE","1"
"LABOR_HRS#VAR_PER_PT2_C_PT2_OP","366","342","366","LINE","2"
"LABOR_HRS#VAR_PER_PT2_C_PT2_OP","363","321","363","LINE","1"
"LABOR_HRS#VAR_PER_PT2_C_PT2_OP","363","339","363","LINE","2"
"LABOR_HRS#VAR_PER_PT2_C_PT2_OP","363","365","363","LINE","3"
"LABOR_HRS#VAR_PER_PT2_C_PT2_OP","367","325","367","LINE","1"
"LABOR_HRS#VAR_PER_PT2_C_PT2_OP","367","343","367","LINE","2"
"LABOR_RAW_COST#ACT","121","111","121","BAR","1"
"LABOR_RAW_COST#ACT","121","116","121","BAR      ","1"
"LABOR_RAW_COST#ACT","121","123","121","BAR","3"
"LABOR_RAW_COST#ACT","121","258","121","LINE","2"
"LABOR_RAW_COST#ACT","122","112","122","BAR","1"
"LABOR_RAW_COST#ACT","122","117","122","BAR      ","1"
"LABOR_RAW_COST#ACT","122","259","122","LINE","2"
"LABOR_RAW_COST#ACT","123","113","123","BAR","1"
"LABOR_RAW_COST#ACT","123","118","123","BAR      ","1"
"LABOR_RAW_COST#ACT","123","260","123","LINE","2"
"LABOR_RAW_COST#ACT","125","115","125","BAR","1"
"LABOR_RAW_COST#ACT","125","120","125","BAR      ","1"
"LABOR_RAW_COST#ACT","125","262","125","LINE","2"
"LABOR_RAW_COST#ACT","124","114","124","BAR","1"
"LABOR_RAW_COST#ACT","124","119","124","BAR      ","1"
"LABOR_RAW_COST#ACT","124","261","124","LINE","2"
"MARGIN#ACT","382","111","382","BAR","2"
"MARGIN#ACT","382","384","382","BAR","3"
"MARGIN#ACT","382","535","382","BAR","1"
"MARGIN#ACT","384","113","384","BAR","2"
"MARGIN#ACT","384","537","384","BAR","1"
"MARGIN#ACT","385","114","385","BAR","2"
"MARGIN#ACT","385","538","385","BAR","1"
"MARGIN#ACT","386","115","386","BAR","2"
"MARGIN#ACT","386","539","386","BAR","1"
"MARGIN#ACT","383","112","383","BAR","2"
"MARGIN#ACT","383","536","383","BAR","1"
"MARGIN#PT1_C","392","136","392","BAR","2"
"MARGIN#PT1_C","392","395","392","BAR","3"
"MARGIN#PT1_C","392","545","392","BAR","1"
"MARGIN#PT1_C","393","137","393","BAR","2"
"MARGIN#PT1_C","393","395","393","BAR","3"
"MARGIN#PT1_C","393","546","393","BAR","1"
"MARGIN#PT1_C","394","138","394","BAR","2"
"MARGIN#PT1_C","394","547","394","BAR","1"
"MARGIN#PT1_C","395","139","395","BAR","2"
"MARGIN#PT1_C","395","548","395","BAR","1"
"MARGIN#PT1_C","396","140","396","BAR","2"
"MARGIN#PT1_C","396","549","396","BAR","1"
"MARGIN#PT1_C","397","141","397","BAR","2"
"MARGIN#PT1_C","397","550","397","BAR","1"
"MARGIN#PT2_C","473","194","473","BAR","2"
"MARGIN#PT2_C","473","476","473","BAR","3"
"MARGIN#PT2_C","473","591","473","BAR","1"
"MARGIN#PT2_C","474","195","474","BAR","2"
"MARGIN#PT2_C","474","476","474","BAR","3"
"MARGIN#PT2_C","474","592","474","BAR","1"
"MARGIN#PT2_C","475","196","475","BAR","2"
"MARGIN#PT2_C","475","593","475","BAR","1"
"MARGIN#PT2_C","476","197","476","BAR","2"
"MARGIN#PT2_C","476","594","476","BAR","1"
"MARGIN#PT2_C","477","198","477","BAR","2"
"MARGIN#PT2_C","477","595","477","BAR","1"
"MARGIN#PT2_C","478","199","478","BAR","2"
"MARGIN#PT2_C","478","596","478","BAR","1"
"MARGIN#PT2_OP","485","200","485","BAR","2"
"MARGIN#PT2_OP","485","488","485","BAR","3"
"MARGIN#PT2_OP","485","597","485","BAR","1"
"MARGIN#PT2_OP","486","201","486","BAR","2"
"MARGIN#PT2_OP","486","488","486","BAR","3"
"MARGIN#PT2_OP","486","598","486","BAR","1"
"MARGIN#PT2_OP","487","202","487","BAR","2"
"MARGIN#PT2_OP","487","599","487","BAR","1"
"MARGIN#PT2_OP","488","203","488","BAR","2"
"MARGIN#PT2_OP","488","600","488","BAR","1"
"MARGIN#PT2_OP","490","205","490","BAR","2"
"MARGIN#PT2_OP","490","602","490","BAR","1"
"MARGIN#PT2_OP","489","204","489","BAR","2"
"MARGIN#PT2_OP","489","601","489","BAR","1"
"MARGIN#VAR_PER_PT1_C_PT2_C","455","398","455","LINE","1"
"MARGIN#VAR_PER_PT1_C_PT2_C","456","399","456","LINE","1"
"MARGIN#VAR_PER_PT1_C_PT2_C","456","458","456","LINE","3"
"MARGIN#VAR_PER_PT1_C_PT2_C","456","480","456","LINE","2"
"MARGIN#VAR_PER_PT1_C_PT2_C","458","401","458","LINE","1"
"MARGIN#VAR_PER_PT1_C_PT2_C","458","482","458","LINE","2"
"MARGIN#VAR_PER_PT1_C_PT2_C","459","402","459","LINE","1"
"MARGIN#VAR_PER_PT1_C_PT2_C","459","483","459","LINE","2"
"MARGIN#VAR_PER_PT1_C_PT2_C","460","403","460","LINE","1"
"MARGIN#VAR_PER_PT1_C_PT2_C","460","484","460","LINE","2"
"MARGIN#VAR_PER_PT1_C_PT2_C","457","400","457","LINE","1"
"MARGIN#VAR_PER_PT1_C_PT2_C","457","481","457","LINE","2"
"MARGIN#VAR_PER_PT1_OP_PT2_C","467","404","467","BAR","1"
"MARGIN#VAR_PER_PT1_OP_PT2_C","467","470","467","LINE","3"
"MARGIN#VAR_PER_PT1_OP_PT2_C","467","473","467","BAR","2"
"MARGIN#VAR_PER_PT1_OP_PT2_C","468","405","468","BAR","1"
"MARGIN#VAR_PER_PT1_OP_PT2_C","468","470","468","LINE","3"
"MARGIN#VAR_PER_PT1_OP_PT2_C","468","474","468","BAR","2"
"MARGIN#VAR_PER_PT1_OP_PT2_C","469","406","469","BAR","1"
"MARGIN#VAR_PER_PT1_OP_PT2_C","469","475","469","BAR","2"
"MARGIN#VAR_PER_PT1_OP_PT2_C","470","407","470","BAR","1"
"MARGIN#VAR_PER_PT1_OP_PT2_C","470","476","470","BAR","2"
"MARGIN#VAR_PER_PT1_OP_PT2_C","472","409","472","BAR","1"
"MARGIN#VAR_PER_PT1_OP_PT2_C","472","478","472","BAR","2"
"MARGIN#VAR_PER_PT1_OP_PT2_C","471","408","471","BAR","1"
"MARGIN#VAR_PER_PT1_OP_PT2_C","471","477","471","BAR","2"
"MARGIN#VAR_PT1_C_ACT","422","382","422","BAR","2"
"MARGIN#VAR_PT1_C_ACT","422","393","422","BAR","1"
"MARGIN#VAR_PT1_C_ACT","422","424","422","BAR","3"
"MARGIN#VAR_PT1_C_ACT","424","384","424","BAR","2"
"MARGIN#VAR_PT1_C_ACT","424","395","424","BAR","1"
"MARGIN#VAR_PT1_C_ACT","425","385","425","BAR","2"
"MARGIN#VAR_PT1_C_ACT","425","396","425","BAR","1"
"MARGIN#VAR_PT1_C_ACT","423","383","423","BAR","2"
"MARGIN#VAR_PT1_C_ACT","423","394","423","BAR","1"
"MARGIN#VAR_PT1_C_ACT","426","386","426","BAR","2"
"MARGIN#VAR_PT1_C_ACT","426","397","426","BAR","1"
"MARGIN#VAR_PT1_C_PT1_OP","416","392","416","BAR","1"
"MARGIN#VAR_PT1_C_PT1_OP","416","404","416","BAR","2"
"MARGIN#VAR_PT1_C_PT1_OP","417","393","417","BAR","1"
"MARGIN#VAR_PT1_C_PT1_OP","417","405","417","BAR","2"
"MARGIN#VAR_PT1_C_PT1_OP","417","419","417","BAR","3"
"MARGIN#VAR_PT1_C_PT1_OP","418","394","418","BAR","1"
"MARGIN#VAR_PT1_C_PT1_OP","418","406","418","BAR","2"
"MARGIN#VAR_PT1_C_PT1_OP","420","396","420","BAR","1"
"MARGIN#VAR_PT1_C_PT1_OP","420","408","420","BAR","2"
"MARGIN#VAR_PT1_C_PT1_OP","421","397","421","BAR","1"
"MARGIN#VAR_PT1_C_PT1_OP","421","409","421","BAR","2"
"MARGIN#VAR_PT1_C_PT1_OP","419","395","419","BAR","1"
"MARGIN#VAR_PT1_C_PT1_OP","419","407","419","BAR","2"
"MARGIN#VAR_PT1_C_PT2_C","443","392","443","BAR","1"
"MARGIN#VAR_PT1_C_PT2_C","443","446","443","BAR","3"
"MARGIN#VAR_PT1_C_PT2_C","443","473","443","BAR","2"
"MARGIN#VAR_PT1_C_PT2_C","444","393","444","BAR","1"
"MARGIN#VAR_PT1_C_PT2_C","444","446","444","BAR","3"
"MARGIN#VAR_PT1_C_PT2_C","444","474","444","BAR","2"
"MARGIN#VAR_PT1_C_PT2_C","445","394","445","BAR","1"
"MARGIN#VAR_PT1_C_PT2_C","445","475","445","BAR","2"
"MARGIN#VAR_PT1_C_PT2_C","446","395","446","BAR","1"
"MARGIN#VAR_PT1_C_PT2_C","446","476","446","BAR","2"
"MARGIN#VAR_PT1_C_PT2_C","447","396","447","BAR","1"
"MARGIN#VAR_PT1_C_PT2_C","447","477","447","BAR","2"
"MARGIN#VAR_PT1_C_PT2_C","448","397","448","BAR","1"
"MARGIN#VAR_PT1_C_PT2_C","448","478","448","BAR","2"
"MARGIN#VAR_PT2_C_PT2_OP","497","473","497","BAR","1"
"MARGIN#VAR_PT2_C_PT2_OP","497","485","497","BAR","2"
"MARGIN#VAR_PT2_C_PT2_OP","497","500","497","BAR","3"
"MARGIN#VAR_PT2_C_PT2_OP","498","474","498","BAR","1"
"MARGIN#VAR_PT2_C_PT2_OP","498","486","498","BAR","2"
"MARGIN#VAR_PT2_C_PT2_OP","498","500","498","BAR","3"
"MARGIN#VAR_PT2_C_PT2_OP","499","475","499","BAR","1"
"MARGIN#VAR_PT2_C_PT2_OP","499","487","499","BAR","2"
"MARGIN#VAR_PT2_C_PT2_OP","501","477","501","BAR","1"
"MARGIN#VAR_PT2_C_PT2_OP","501","489","501","BAR","2"
"MARGIN#VAR_PT2_C_PT2_OP","502","478","502","BAR","1"
"MARGIN#VAR_PT2_C_PT2_OP","502","490","502","BAR","2"
"MARGIN#VAR_PT2_C_PT2_OP","500","476","500","BAR","1"
"MARGIN#VAR_PT2_C_PT2_OP","500","488","500","BAR","2"
"MARGIN_PER#ACT","387","111","387","BAR","2"
"MARGIN_PER#ACT","387","382","387","BAR","3"
"MARGIN_PER#ACT","387","389","387","LINE","4"
"MARGIN_PER#ACT","387","535","387","BAR","1"
"MARGIN_PER#ACT","388","112","388","BAR","2"
"MARGIN_PER#ACT","388","383","388","BAR","3"
"MARGIN_PER#ACT","388","536","388","BAR","1"
"MARGIN_PER#ACT","389","113","389","BAR","2"
"MARGIN_PER#ACT","389","384","389","BAR","3"
"MARGIN_PER#ACT","389","537","389","BAR","1"
"MARGIN_PER#ACT","390","114","390","BAR","2"
"MARGIN_PER#ACT","390","385","390","BAR","3"
"MARGIN_PER#ACT","390","538","390","BAR","1"
"MARGIN_PER#ACT","391","115","391","BAR","2"
"MARGIN_PER#ACT","391","386","391","BAR","3"
"MARGIN_PER#ACT","391","539","391","BAR","1"
"MARGIN_PER#PT1_C","398","136","398","BAR","2"
"MARGIN_PER#PT1_C","398","392","398","BAR","3"
"MARGIN_PER#PT1_C","398","401","398","LINE","4"
"MARGIN_PER#PT1_C","398","545","398","BAR","1"
"MARGIN_PER#PT1_C","399","137","399","BAR","2"
"MARGIN_PER#PT1_C","399","393","399","BAR","3"
"MARGIN_PER#PT1_C","399","401","399","LINE","4"
"MARGIN_PER#PT1_C","399","546","399","BAR","1"
"MARGIN_PER#PT1_C","400","138","400","BAR","2"
"MARGIN_PER#PT1_C","400","394","400","BAR","3"
"MARGIN_PER#PT1_C","400","547","400","BAR","1"
"MARGIN_PER#PT1_C","402","140","402","BAR","2"
"MARGIN_PER#PT1_C","402","396","402","BAR","3"
"MARGIN_PER#PT1_C","402","549","402","BAR","1"
"MARGIN_PER#PT1_C","403","141","403","BAR","2"
"MARGIN_PER#PT1_C","403","397","403","BAR","3"
"MARGIN_PER#PT1_C","403","550","403","BAR","1"
"MARGIN_PER#PT1_C","401","139","401","BAR","2"
"MARGIN_PER#PT1_C","401","395","401","BAR","3"
"MARGIN_PER#PT1_C","401","548","401","BAR","1"
"MARGIN_PER#PT1_OP","410","148","410","BAR","3"
"MARGIN_PER#PT1_OP","410","404","410","BAR","1"
"MARGIN_PER#PT1_OP","410","551","410","BAR","2"
"MARGIN_PER#PT1_OP","411","149","411","BAR","3"
"MARGIN_PER#PT1_OP","411","405","411","BAR","1"
"MARGIN_PER#PT1_OP","411","413","411","LINE","4"
"MARGIN_PER#PT1_OP","411","552","411","BAR","2"
"MARGIN_PER#PT1_OP","413","151","413","BAR","3"
"MARGIN_PER#PT1_OP","413","407","413","BAR","1"
"MARGIN_PER#PT1_OP","413","554","413","BAR","2"
"MARGIN_PER#PT1_OP","414","152","414","BAR","3"
"MARGIN_PER#PT1_OP","414","408","414","BAR","1"
"MARGIN_PER#PT1_OP","414","555","414","BAR","2"
"MARGIN_PER#PT1_OP","412","150","412","BAR","3"
"MARGIN_PER#PT1_OP","412","406","412","BAR","1"
"MARGIN_PER#PT1_OP","412","553","412","BAR","2"
"MARGIN_PER#PT1_OP","415","153","415","BAR","3"
"MARGIN_PER#PT1_OP","415","409","415","BAR","1"
"MARGIN_PER#PT1_OP","415","556","415","BAR","2"
"MARGIN_PER#PT2_C","479","194","479","BAR","2"
"MARGIN_PER#PT2_C","479","473","479","BAR","3"
"MARGIN_PER#PT2_C","479","482","479","LINE","4"
"MARGIN_PER#PT2_C","479","591","479","BAR","1"
"MARGIN_PER#PT2_C","480","195","480","BAR","2"
"MARGIN_PER#PT2_C","480","474","480","BAR","3"
"MARGIN_PER#PT2_C","480","482","480","LINE","4"
"MARGIN_PER#PT2_C","480","592","480","BAR","1"
"MARGIN_PER#PT2_C","481","196","481","BAR","2"
"MARGIN_PER#PT2_C","481","475","481","BAR","3"
"MARGIN_PER#PT2_C","481","593","481","BAR","1"
"MARGIN_PER#PT2_C","482","197","482","BAR","2"
"MARGIN_PER#PT2_C","482","476","482","BAR","3"
"MARGIN_PER#PT2_C","482","594","482","BAR","1"
"MARGIN_PER#PT2_C","483","198","483","BAR","2"
"MARGIN_PER#PT2_C","483","477","483","BAR","3"
"MARGIN_PER#PT2_C","483","595","483","BAR","1"
"MARGIN_PER#PT2_C","484","199","484","BAR","2"
"MARGIN_PER#PT2_C","484","478","484","BAR","3"
"MARGIN_PER#PT2_C","484","596","484","BAR","1"
"MARGIN_PER#PT2_OP","491","200","491","BAR","2"
"MARGIN_PER#PT2_OP","491","485","491","BAR","3"
"MARGIN_PER#PT2_OP","491","494","491","LINE","4"
"MARGIN_PER#PT2_OP","491","597","491","BAR","1"
"MARGIN_PER#PT2_OP","492","201","492","BAR","2"
"MARGIN_PER#PT2_OP","492","486","492","BAR","3"
"MARGIN_PER#PT2_OP","492","494","492","LINE","4"
"MARGIN_PER#PT2_OP","492","598","492","BAR","1"
"MARGIN_PER#PT2_OP","494","203","494","BAR","2"
"MARGIN_PER#PT2_OP","494","488","494","BAR","3"
"MARGIN_PER#PT2_OP","494","600","494","BAR","1"
"MARGIN_PER#PT2_OP","495","204","495","BAR","2"
"MARGIN_PER#PT2_OP","495","489","495","BAR","3"
"MARGIN_PER#PT2_OP","495","601","495","BAR","1"
"MARGIN_PER#PT2_OP","493","202","493","BAR","2"
"MARGIN_PER#PT2_OP","493","487","493","BAR","3"
"MARGIN_PER#PT2_OP","493","599","493","BAR","1"
"MARGIN_PER#PT2_OP","496","205","496","BAR","2"
"MARGIN_PER#PT2_OP","496","490","496","BAR","3"
"MARGIN_PER#PT2_OP","496","602","496","BAR","1"
"MARGIN_PER#VAR_PER_PT1_C_ACT","438","387","438","LINE","2"
"MARGIN_PER#VAR_PER_PT1_C_ACT","438","399","438","LINE","1"
"MARGIN_PER#VAR_PER_PT1_C_ACT","438","440","438","LINE","3"
"MARGIN_PER#VAR_PER_PT1_C_ACT","439","388","439","LINE","2"
"MARGIN_PER#VAR_PER_PT1_C_ACT","439","400","439","LINE","1"
"MARGIN_PER#VAR_PER_PT1_C_ACT","440","389","440","LINE","2"
"MARGIN_PER#VAR_PER_PT1_C_ACT","440","401","440","LINE","1"
"MARGIN_PER#VAR_PER_PT1_C_ACT","441","390","441","LINE","2"
"MARGIN_PER#VAR_PER_PT1_C_ACT","441","402","441","LINE","1"
"MARGIN_PER#VAR_PER_PT1_C_ACT","442","391","442","LINE","2"
"MARGIN_PER#VAR_PER_PT1_C_ACT","442","403","442","LINE","1"
"MARGIN_PER#VAR_PER_PT1_C_PT2_C","462","393","462","BAR","1"
"MARGIN_PER#VAR_PER_PT1_C_PT2_C","462","464","462","LINE","4"
"MARGIN_PER#VAR_PER_PT1_C_PT2_C","462","474","462","BAR","2"
"MARGIN_PER#VAR_PER_PT1_C_PT2_C","462","656","462","LINE","3"
"MARGIN_PER#VAR_PER_PT1_C_PT2_C","463","394","463","BAR","1"
"MARGIN_PER#VAR_PER_PT1_C_PT2_C","463","475","463","BAR","2"
"MARGIN_PER#VAR_PER_PT1_C_PT2_C","463","657","463","LINE","3"
"MARGIN_PER#VAR_PER_PT1_C_PT2_C","464","395","464","BAR","1"
"MARGIN_PER#VAR_PER_PT1_C_PT2_C","464","476","464","BAR","2"
"MARGIN_PER#VAR_PER_PT1_C_PT2_C","464","658","464","LINE","3"
"MARGIN_PER#VAR_PER_PT1_C_PT2_C","466","397","466","BAR","1"
"MARGIN_PER#VAR_PER_PT1_C_PT2_C","466","478","466","BAR","2"
"MARGIN_PER#VAR_PER_PT1_C_PT2_C","466","660","466","LINE","3"
"MARGIN_PER#VAR_PER_PT1_C_PT2_C","461","392","461","BAR","1"
"MARGIN_PER#VAR_PER_PT1_C_PT2_C","461","464","461","LINE","3"
"MARGIN_PER#VAR_PER_PT1_C_PT2_C","461","473","461","BAR","2"
"MARGIN_PER#VAR_PER_PT1_C_PT2_C","461","655","461","LINE","4"
"MARGIN_PER#VAR_PER_PT1_C_PT2_C","465","396","465","BAR","1"
"MARGIN_PER#VAR_PER_PT1_C_PT2_C","465","477","465","BAR","2"
"MARGIN_PER#VAR_PER_PT1_C_PT2_C","465","659","465","LINE","3"
"MARGIN_PER#VAR_PER_PT2_C_PT2_OP","517","481","517","LINE","1"
"MARGIN_PER#VAR_PER_PT2_C_PT2_OP","517","493","517","LINE","2"
"MARGIN_PER#VAR_PER_PT2_C_PT2_OP","518","482","518","LINE","1"
"MARGIN_PER#VAR_PER_PT2_C_PT2_OP","518","494","518","LINE","2"
"MARGIN_PER#VAR_PER_PT2_C_PT2_OP","519","483","519","LINE","1"
"MARGIN_PER#VAR_PER_PT2_C_PT2_OP","519","495","519","LINE","2"
"MARGIN_PER#VAR_PER_PT2_C_PT2_OP","515","479","515","LINE","1"
"MARGIN_PER#VAR_PER_PT2_C_PT2_OP","515","491","515","LINE","2"
"MARGIN_PER#VAR_PER_PT2_C_PT2_OP","515","518","515","LINE","3"
"MARGIN_PER#VAR_PER_PT2_C_PT2_OP","516","480","516","LINE","1"
"MARGIN_PER#VAR_PER_PT2_C_PT2_OP","516","492","516","LINE","2"
"MARGIN_PER#VAR_PER_PT2_C_PT2_OP","516","518","516","LINE","3"
"MARGIN_PER#VAR_PER_PT2_C_PT2_OP","520","484","520","LINE","1"
"MARGIN_PER#VAR_PER_PT2_C_PT2_OP","520","496","520","LINE","2"
"MARGIN_PER#VAR_PT1_C_ACT","427","290","427","LINE","1"
"MARGIN_PER#VAR_PT1_C_ACT","427","387","427","LINE","2"
"MARGIN_PER#VAR_PT1_C_ACT","427","429","427","LINE","3"
"MARGIN_PER#VAR_PT1_C_ACT","428","388","428","LINE","2"
"MARGIN_PER#VAR_PT1_C_ACT","428","400","428","LINE","1"
"MARGIN_PER#VAR_PT1_C_ACT","429","389","429","LINE","2"
"MARGIN_PER#VAR_PT1_C_ACT","429","401","429","LINE","1"
"MARGIN_PER#VAR_PT1_C_ACT","430","390","430","LINE","2"
"MARGIN_PER#VAR_PT1_C_ACT","430","402","430","LINE","1"
"MARGIN_PER#VAR_PT1_C_ACT","431","391","431","LINE","2"
"MARGIN_PER#VAR_PT1_C_ACT","431","403","431","LINE","1"
"MARGIN_PER#VAR_PT1_C_PT2_C","660","403","660","LINE","1"
"MARGIN_PER#VAR_PT1_C_PT2_C","660","448","660","BAR","3"
"MARGIN_PER#VAR_PT1_C_PT2_C","660","484","660","LINE","2"
"MARGIN_PER#VAR_PT1_C_PT2_C","655","398","655","LINE","1"
"MARGIN_PER#VAR_PT1_C_PT2_C","655","443","655","BAR","3"
"MARGIN_PER#VAR_PT1_C_PT2_C","655","479","655","LINE","2"
"MARGIN_PER#VAR_PT1_C_PT2_C","655","658","655","LINE","4"
"MARGIN_PER#VAR_PT1_C_PT2_C","656","399","656","LINE","1"
"MARGIN_PER#VAR_PT1_C_PT2_C","656","444","656","BAR","3"
"MARGIN_PER#VAR_PT1_C_PT2_C","656","480","656","LINE","2"
"MARGIN_PER#VAR_PT1_C_PT2_C","656","658","656","LINE","4"
"MARGIN_PER#VAR_PT1_C_PT2_C","657","400","657","LINE","1"
"MARGIN_PER#VAR_PT1_C_PT2_C","657","445","657","BAR","3"
"MARGIN_PER#VAR_PT1_C_PT2_C","657","481","657","LINE","2"
"MARGIN_PER#VAR_PT1_C_PT2_C","658","401","658","LINE","1"
"MARGIN_PER#VAR_PT1_C_PT2_C","658","446","658","BAR","3"
"MARGIN_PER#VAR_PT1_C_PT2_C","658","482","658","LINE","2"
"MARGIN_PER#VAR_PT1_C_PT2_C","659","402","659","LINE","1"
"MARGIN_PER#VAR_PT1_C_PT2_C","659","447","659","BAR","3"
"MARGIN_PER#VAR_PT1_C_PT2_C","659","483","659","LINE","2"
"MARGIN_PER#VAR_PT2_C_PT2_OP","503","473","503","BAR","1"
"MARGIN_PER#VAR_PT2_C_PT2_OP","503","479","503","LINE     ","1"
"MARGIN_PER#VAR_PT2_C_PT2_OP","503","485","503","BAR","2"
"MARGIN_PER#VAR_PT2_C_PT2_OP","503","491","503","LINE     ","2"
"MARGIN_PER#VAR_PT2_C_PT2_OP","503","497","503","BAR","3"
"MARGIN_PER#VAR_PT2_C_PT2_OP","503","506","503","LINE","4"
"MARGIN_PER#VAR_PT2_C_PT2_OP","505","475","505","BAR","1"
"MARGIN_PER#VAR_PT2_C_PT2_OP","505","481","505","LINE     ","1"
"MARGIN_PER#VAR_PT2_C_PT2_OP","505","487","505","BAR","2"
"MARGIN_PER#VAR_PT2_C_PT2_OP","505","493","505","LINE     ","2"
"MARGIN_PER#VAR_PT2_C_PT2_OP","505","499","505","BAR","3"
"MARGIN_PER#VAR_PT2_C_PT2_OP","506","476","506","BAR","1"
"MARGIN_PER#VAR_PT2_C_PT2_OP","506","482","506","LINE     ","1"
"MARGIN_PER#VAR_PT2_C_PT2_OP","506","488","506","BAR","2"
"MARGIN_PER#VAR_PT2_C_PT2_OP","506","494","506","LINE     ","2"
"MARGIN_PER#VAR_PT2_C_PT2_OP","506","500","506","BAR","3"
"MARGIN_PER#VAR_PT2_C_PT2_OP","508","478","508","BAR","1"
"MARGIN_PER#VAR_PT2_C_PT2_OP","508","484","508","LINE     ","1"
"MARGIN_PER#VAR_PT2_C_PT2_OP","508","490","508","BAR","2"
"MARGIN_PER#VAR_PT2_C_PT2_OP","508","496","508","LINE     ","2"
"MARGIN_PER#VAR_PT2_C_PT2_OP","508","502","508","BAR","3"
"MARGIN_PER#VAR_PT2_C_PT2_OP","504","474","504","BAR","1"
"MARGIN_PER#VAR_PT2_C_PT2_OP","504","480","504","LINE     ","1"
"MARGIN_PER#VAR_PT2_C_PT2_OP","504","486","504","BAR","2"
"MARGIN_PER#VAR_PT2_C_PT2_OP","504","492","504","LINE     ","2"
"MARGIN_PER#VAR_PT2_C_PT2_OP","504","498","504","BAR","3"
"MARGIN_PER#VAR_PT2_C_PT2_OP","504","506","504","LINE","4"
"MARGIN_PER#VAR_PT2_C_PT2_OP","507","477","507","BAR","1"
"MARGIN_PER#VAR_PT2_C_PT2_OP","507","483","507","LINE     ","1"
"MARGIN_PER#VAR_PT2_C_PT2_OP","507","489","507","BAR","2"
"MARGIN_PER#VAR_PT2_C_PT2_OP","507","495","507","LINE     ","2"
"MARGIN_PER#VAR_PT2_C_PT2_OP","507","501","507","BAR","3"
"NON_BILL_BRDN_COST#ACT","43","3","43","BAR","1"
"NON_BILL_BRDN_COST#ACT","44","4","44","BAR","1"
"NON_BILL_BRDN_COST#ACT","45","5","45","BAR","1"
"NON_BILL_BRDN_COST#ACT","41","1","41","BAR","1"
"NON_BILL_BRDN_COST#ACT","41","43","41","BAR","3"
"NON_BILL_BRDN_COST#ACT","42","2","42","BAR","1"
"NON_BILL_COST_PER#ACT","46","41","46","BAR","1"
"NON_BILL_COST_PER#ACT","46","48","46","LINE","3"
"NON_BILL_COST_PER#ACT","46","111","46","BAR","2"
"NON_BILL_COST_PER#ACT","47","42","47","BAR","1"
"NON_BILL_COST_PER#ACT","47","112","47","BAR","2"
"NON_BILL_COST_PER#ACT","48","43","48","BAR","1"
"NON_BILL_COST_PER#ACT","48","113","48","BAR","2"
"NON_BILL_COST_PER#ACT","49","44","49","BAR","1"
"NON_BILL_COST_PER#ACT","49","114","49","BAR","2"
"NON_BILL_COST_PER#ACT","50","45","50","BAR","1"
"NON_BILL_COST_PER#ACT","50","115","50","BAR","2"
"NON_BILL_EQUIPMENT_HRS#ACT","263","16","263","LINE","2"
"NON_BILL_EQUIPMENT_HRS#ACT","263","253","263","LINE","1"
"NON_BILL_EQUIPMENT_HRS#ACT","263","265","263","LINE","3"
"NON_BILL_EQUIPMENT_HRS#ACT","264","17","264","LINE","2"
"NON_BILL_EQUIPMENT_HRS#ACT","264","254","264","LINE","1"
"NON_BILL_EQUIPMENT_HRS#ACT","265","18","265","LINE","2"
"NON_BILL_EQUIPMENT_HRS#ACT","265","255","265","LINE","1"
"NON_BILL_EQUIPMENT_HRS#ACT","266","19","266","LINE","2"
"NON_BILL_EQUIPMENT_HRS#ACT","266","256","266","LINE","1"
"NON_BILL_EQUIPMENT_HRS#ACT","267","20","267","LINE","2"
"NON_BILL_EQUIPMENT_HRS#ACT","267","257","267","LINE","1"
"NON_BILL_LABOR_HRS#ACT","268","26","268","LINE","2"
"NON_BILL_LABOR_HRS#ACT","268","258","268","LINE","1"
"NON_BILL_LABOR_HRS#ACT","268","270","268","LINE","3"
"NON_BILL_LABOR_HRS#ACT","269","27","269","LINE","2"
"NON_BILL_LABOR_HRS#ACT","269","259","269","LINE","1"
"NON_BILL_LABOR_HRS#ACT","270","28","270","LINE","2"
"NON_BILL_LABOR_HRS#ACT","270","260","270","LINE","1"
"NON_BILL_LABOR_HRS#ACT","271","29","271","LINE","2"
"NON_BILL_LABOR_HRS#ACT","271","261","271","LINE","1"
"NON_BILL_LABOR_HRS#ACT","272","30","272","LINE","2"
"NON_BILL_LABOR_HRS#ACT","272","262","272","LINE","1"
"NON_BILL_RAW_COST#ACT","625","41","625","BAR","1"
"NON_BILL_RAW_COST#ACT","625","46","625","LINE","3"
"NON_BILL_RAW_COST#ACT","625","620","625","BAR","2"
"NON_BILL_RAW_COST#ACT","625","627","625","BAR","4"
"NON_BILL_RAW_COST#ACT","626","42","626","BAR","1"
"NON_BILL_RAW_COST#ACT","626","47","626","LINE","3"
"NON_BILL_RAW_COST#ACT","626","621","626","BAR","2"
"NON_BILL_RAW_COST#ACT","627","43","627","BAR","1"
"NON_BILL_RAW_COST#ACT","627","48","627","LINE","3"
"NON_BILL_RAW_COST#ACT","627","622","627","BAR","2"
"NON_BILL_RAW_COST#ACT","628","44","628","BAR","1"
"NON_BILL_RAW_COST#ACT","628","49","628","LINE","3"
"NON_BILL_RAW_COST#ACT","628","623","628","BAR","2"
"NON_BILL_RAW_COST#ACT","629","45","629","BAR","1"
"NON_BILL_RAW_COST#ACT","629","50","629","LINE","3"
"NON_BILL_RAW_COST#ACT","629","624","629","BAR","2"
"NON_CAP_BRDN_COST#ACT","76","66","76","BAR","1"
"NON_CAP_BRDN_COST#ACT","76","78","76","BAR","3"
"NON_CAP_BRDN_COST#ACT","76","635","76","BAR","2"
"NON_CAP_BRDN_COST#ACT","78","68","78","BAR","1"
"NON_CAP_BRDN_COST#ACT","78","637","78","BAR","2"
"NON_CAP_BRDN_COST#ACT","79","69","79","BAR","1"
"NON_CAP_BRDN_COST#ACT","79","638","79","BAR","2"
"NON_CAP_BRDN_COST#ACT","80","70","80","BAR","1"
"NON_CAP_BRDN_COST#ACT","80","639","80","BAR","2"
"NON_CAP_BRDN_COST#ACT","77","67","77","BAR","1"
"NON_CAP_BRDN_COST#ACT","77","636","77","BAR","2"
"NON_CAP_COST_PER#ACT","650","66","650","BAR","2"
"NON_CAP_COST_PER#ACT","650","76","650","BAR","1"
"NON_CAP_COST_PER#ACT","650","111","650","",""
"NON_CAP_COST_PER#ACT","650","652","650","LINE","3"
"NON_CAP_COST_PER#ACT","651","67","651","BAR","2"
"NON_CAP_COST_PER#ACT","651","77","651","BAR","1"
"NON_CAP_COST_PER#ACT","652","68","652","BAR","2"
"NON_CAP_COST_PER#ACT","652","78","652","BAR","1"
"NON_CAP_COST_PER#ACT","653","69","653","BAR","2"
"NON_CAP_COST_PER#ACT","653","79","653","BAR","1"
"NON_CAP_COST_PER#ACT","654","70","654","BAR","2"
"NON_CAP_COST_PER#ACT","654","80","654","BAR","1"
"NON_CAP_RAW_COST#ACT","635","76","635","BAR","2"
"NON_CAP_RAW_COST#ACT","635","630","635","BAR","1"
"NON_CAP_RAW_COST#ACT","635","637","635","BAR","3"
"NON_CAP_RAW_COST#ACT","637","78","637","BAR","2"
"NON_CAP_RAW_COST#ACT","637","632","637","BAR","1"
"NON_CAP_RAW_COST#ACT","638","79","638","BAR","2"
"NON_CAP_RAW_COST#ACT","638","633","638","BAR","1"
"NON_CAP_RAW_COST#ACT","639","80","639","BAR","2"
"NON_CAP_RAW_COST#ACT","639","634","639","BAR","1"
"NON_CAP_RAW_COST#ACT","636","77","636","BAR","2"
"NON_CAP_RAW_COST#ACT","636","631","636","BAR","1"
"OTH_COMMITTED_COST#ACT","81","83","81","BAR","5"
"OTH_COMMITTED_COST#ACT","81","86","81","BAR","2"
"OTH_COMMITTED_COST#ACT","81","91","81","BAR","3"
"OTH_COMMITTED_COST#ACT","81","101","81","BAR","1"
"OTH_COMMITTED_COST#ACT","81","615","81","BAR","4"
"OTH_COMMITTED_COST#ACT","81","100010024596331","81","BAR","6"
"OTH_COMMITTED_COST#ACT","82","87","82","BAR","2"
"OTH_COMMITTED_COST#ACT","82","92","82","BAR","3"
"OTH_COMMITTED_COST#ACT","82","102","82","BAR","1"
"OTH_COMMITTED_COST#ACT","82","616","82","BAR","4"
"OTH_COMMITTED_COST#ACT","82","100010024596332","82","BAR","6"
"OTH_COMMITTED_COST#ACT","84","89","84","BAR","2"
"OTH_COMMITTED_COST#ACT","84","94","84","BAR","3"
"OTH_COMMITTED_COST#ACT","84","104","84","BAR","1"
"OTH_COMMITTED_COST#ACT","84","618","84","BAR","4"
"OTH_COMMITTED_COST#ACT","84","100010024596334","84","BAR","6"
"OTH_COMMITTED_COST#ACT","85","90","85","BAR","2"
"OTH_COMMITTED_COST#ACT","85","95","85","BAR","3"
"OTH_COMMITTED_COST#ACT","85","105","85","BAR","1"
"OTH_COMMITTED_COST#ACT","85","619","85","BAR","4"
"OTH_COMMITTED_COST#ACT","85","100010024596335","85","BAR","6"
"OTH_COMMITTED_COST#ACT","83","88","83","BAR","2"
"OTH_COMMITTED_COST#ACT","83","93","83","BAR","3"
"OTH_COMMITTED_COST#ACT","83","103","83","BAR","1"
"OTH_COMMITTED_COST#ACT","83","617","83","BAR","4"
"OTH_COMMITTED_COST#ACT","83","100010024596333","83","BAR","6"
"PO_COMMITTED_COST#ACT","86","81","86","BAR","3"
"PO_COMMITTED_COST#ACT","86","88","86","BAR","5"
"PO_COMMITTED_COST#ACT","86","91","86","BAR","1"
"PO_COMMITTED_COST#ACT","86","101","86","BAR","4"
"PO_COMMITTED_COST#ACT","86","615","86","BAR","2"
"PO_COMMITTED_COST#ACT","86","100010024596331","86","BAR","6"
"PO_COMMITTED_COST#ACT","87","82","87","BAR","3"
"PO_COMMITTED_COST#ACT","87","92","87","BAR","1"
"PO_COMMITTED_COST#ACT","87","102","87","BAR","4"
"PO_COMMITTED_COST#ACT","87","616","87","BAR","2"
"PO_COMMITTED_COST#ACT","87","100010024596332","87","BAR","6"
"PO_COMMITTED_COST#ACT","88","83","88","BAR","3"
"PO_COMMITTED_COST#ACT","88","93","88","BAR","1"
"PO_COMMITTED_COST#ACT","88","103","88","BAR","4"
"PO_COMMITTED_COST#ACT","88","617","88","BAR","2"
"PO_COMMITTED_COST#ACT","88","100010024596333","88","BAR","6"
"PO_COMMITTED_COST#ACT","90","85","90","BAR","3"
"PO_COMMITTED_COST#ACT","90","95","90","BAR","1"
"PO_COMMITTED_COST#ACT","90","105","90","BAR","4"
"PO_COMMITTED_COST#ACT","90","619","90","BAR","2"
"PO_COMMITTED_COST#ACT","90","100010024596335","90","BAR","6"
"PO_COMMITTED_COST#ACT","89","84","89","BAR","3"
"PO_COMMITTED_COST#ACT","89","94","89","BAR","1"
"PO_COMMITTED_COST#ACT","89","104","89","BAR","4"
"PO_COMMITTED_COST#ACT","89","618","89","BAR","2"
"PO_COMMITTED_COST#ACT","89","100010024596334","89","BAR","6"
"LABOR_HRS#VAR_PT2_C_PT2_OP","356","320","356","LINE","1"
"LABOR_HRS#VAR_PT2_C_PT2_OP","356","338","356","LINE","2"
"LABOR_HRS#VAR_PT2_C_PT2_OP","356","359","356","LINE","3"
"LABOR_HRS#VAR_PT2_C_PT2_OP","357","321","357","LINE","1"
"LABOR_HRS#VAR_PT2_C_PT2_OP","357","339","357","LINE","2"
"LABOR_HRS#VAR_PT2_C_PT2_OP","357","359","357","LINE","3"
"LABOR_HRS#VAR_PT2_C_PT2_OP","358","322","358","LINE","1"
"LABOR_HRS#VAR_PT2_C_PT2_OP","358","340","358","LINE","2"
"LABOR_HRS#VAR_PT2_C_PT2_OP","360","324","360","LINE","1"
"LABOR_HRS#VAR_PT2_C_PT2_OP","360","342","360","LINE","2"
"LABOR_HRS#VAR_PT2_C_PT2_OP","361","325","361","LINE","1"
"LABOR_HRS#VAR_PT2_C_PT2_OP","361","343","361","LINE","2"
"LABOR_HRS#VAR_PT2_C_PT2_OP","359","323","359","LINE","1"
"LABOR_HRS#VAR_PT2_C_PT2_OP","359","341","359","LINE","2"
"MARGIN#PT1_OP","404","148","404","BAR","2"
"MARGIN#PT1_OP","404","407","404","BAR","3"
"MARGIN#PT1_OP","404","551","404","BAR","1"
"MARGIN#PT1_OP","406","150","406","BAR","2"
"MARGIN#PT1_OP","406","553","406","BAR","1"
"MARGIN#PT1_OP","407","151","407","BAR","2"
"MARGIN#PT1_OP","407","554","407","BAR","1"
"MARGIN#PT1_OP","409","153","409","BAR","2"
"MARGIN#PT1_OP","409","556","409","BAR","1"
"MARGIN#PT1_OP","405","149","405","BAR","2"
"MARGIN#PT1_OP","405","407","405","BAR","3"
"MARGIN#PT1_OP","405","552","405","BAR","1"
"MARGIN#PT1_OP","408","152","408","BAR","2"
"MARGIN#PT1_OP","408","555","408","BAR","1"
"MARGIN#VAR_PER_PT1_C_PT1_OP","432","392","432","BAR","1"
"MARGIN#VAR_PER_PT1_C_PT1_OP","432","404","432","BAR","2"
"MARGIN#VAR_PER_PT1_C_PT1_OP","432","435","432","LINE","3"
"MARGIN#VAR_PER_PT1_C_PT1_OP","433","393","433","BAR","1"
"MARGIN#VAR_PER_PT1_C_PT1_OP","433","405","433","BAR","2"
"MARGIN#VAR_PER_PT1_C_PT1_OP","433","435","433","LINE","3"
"MARGIN#VAR_PER_PT1_C_PT1_OP","434","394","434","BAR","1"
"MARGIN#VAR_PER_PT1_C_PT1_OP","434","406","434","BAR","2"
"MARGIN#VAR_PER_PT1_C_PT1_OP","436","396","436","BAR","1"
"MARGIN#VAR_PER_PT1_C_PT1_OP","436","408","436","BAR","2"
"MARGIN#VAR_PER_PT1_C_PT1_OP","437","397","437","BAR","1"
"MARGIN#VAR_PER_PT1_C_PT1_OP","437","409","437","BAR","2"
"MARGIN#VAR_PER_PT1_C_PT1_OP","435","395","435","BAR","1"
"MARGIN#VAR_PER_PT1_C_PT1_OP","435","407","435","BAR","2"
"MARGIN#VAR_PER_PT2_C_PT2_OP","509","473","509","BAR      ","1"
"MARGIN#VAR_PER_PT2_C_PT2_OP","509","479","509","LINE","1"
"MARGIN#VAR_PER_PT2_C_PT2_OP","509","485","509","BAR      ","2"
"MARGIN#VAR_PER_PT2_C_PT2_OP","509","491","509","LINE","2"
"MARGIN#VAR_PER_PT2_C_PT2_OP","509","497","509","BAR      ","3"
"MARGIN#VAR_PER_PT2_C_PT2_OP","509","512","509","LINE","3"
"MARGIN#VAR_PER_PT2_C_PT2_OP","510","474","510","BAR      ","1"
"MARGIN#VAR_PER_PT2_C_PT2_OP","510","480","510","LINE","1"
"MARGIN#VAR_PER_PT2_C_PT2_OP","510","486","510","BAR      ","2"
"MARGIN#VAR_PER_PT2_C_PT2_OP","510","492","510","LINE","2"
"MARGIN#VAR_PER_PT2_C_PT2_OP","510","498","510","BAR      ","3"
"MARGIN#VAR_PER_PT2_C_PT2_OP","510","512","510","LINE","3"
"MARGIN#VAR_PER_PT2_C_PT2_OP","512","476","512","BAR      ","1"
"MARGIN#VAR_PER_PT2_C_PT2_OP","512","482","512","LINE","1"
"MARGIN#VAR_PER_PT2_C_PT2_OP","512","488","512","BAR      ","2"
"MARGIN#VAR_PER_PT2_C_PT2_OP","512","494","512","LINE","2"
"MARGIN#VAR_PER_PT2_C_PT2_OP","512","500","512","BAR      ","3"
"MARGIN#VAR_PER_PT2_C_PT2_OP","513","477","513","BAR      ","1"
"MARGIN#VAR_PER_PT2_C_PT2_OP","513","483","513","LINE","1"
"MARGIN#VAR_PER_PT2_C_PT2_OP","513","489","513","BAR      ","2"
"MARGIN#VAR_PER_PT2_C_PT2_OP","513","495","513","LINE","2"
"MARGIN#VAR_PER_PT2_C_PT2_OP","513","501","513","BAR      ","3"
"MARGIN#VAR_PER_PT2_C_PT2_OP","514","478","514","BAR      ","1"
"MARGIN#VAR_PER_PT2_C_PT2_OP","514","484","514","LINE","1"
"MARGIN#VAR_PER_PT2_C_PT2_OP","514","490","514","BAR      ","2"
"MARGIN#VAR_PER_PT2_C_PT2_OP","514","496","514","LINE","2"
"MARGIN#VAR_PER_PT2_C_PT2_OP","514","502","514","BAR      ","3"
"MARGIN#VAR_PER_PT2_C_PT2_OP","511","475","511","BAR      ","1"
"MARGIN#VAR_PER_PT2_C_PT2_OP","511","481","511","LINE","1"
"MARGIN#VAR_PER_PT2_C_PT2_OP","511","487","511","BAR      ","2"
"MARGIN#VAR_PER_PT2_C_PT2_OP","511","493","511","LINE","2"
"MARGIN#VAR_PER_PT2_C_PT2_OP","511","499","511","BAR      ","3"
"MARGIN#VAR_PT1_OP_PT2_C","449","404","449","BAR","1"
"MARGIN#VAR_PT1_OP_PT2_C","449","452","449","BAR","3"
"MARGIN#VAR_PT1_OP_PT2_C","449","473","449","BAR","2"
"MARGIN#VAR_PT1_OP_PT2_C","450","405","450","BAR","1"
"MARGIN#VAR_PT1_OP_PT2_C","450","452","450","BAR","3"
"MARGIN#VAR_PT1_OP_PT2_C","450","474","450","BAR","2"
"MARGIN#VAR_PT1_OP_PT2_C","451","406","451","BAR","1"
"MARGIN#VAR_PT1_OP_PT2_C","451","475","451","BAR","2"
"MARGIN#VAR_PT1_OP_PT2_C","454","409","454","BAR","1"
"MARGIN#VAR_PT1_OP_PT2_C","454","478","454","BAR","2"
"MARGIN#VAR_PT1_OP_PT2_C","453","408","453","BAR","1"
"MARGIN#VAR_PT1_OP_PT2_C","453","477","453","BAR","2"
"MARGIN#VAR_PT1_OP_PT2_C","452","407","452","BAR","1"
"MARGIN#VAR_PT1_OP_PT2_C","452","476","452","BAR","2"
"RAW_COST#ACT","126","106","126","BAR","1"
"RAW_COST#ACT","126","111","126","BAR","2"
"RAW_COST#ACT","126","128","126","BAR","3"
"RAW_COST#ACT","128","108","128","BAR","1"
"RAW_COST#ACT","128","113","128","BAR","2"
"RAW_COST#ACT","129","109","129","BAR","1"
"RAW_COST#ACT","129","114","129","BAR","2"
"RAW_COST#ACT","130","110","130","BAR","1"
"RAW_COST#ACT","130","115","130","BAR","2"
"RAW_COST#ACT","127","107","127","BAR","1"
"RAW_COST#ACT","127","112","127","BAR","2"
"REVENUE#VAR_PT1_OP_PT2_C","579","551","579","BAR","1"
"REVENUE#VAR_PT1_OP_PT2_C","579","582","579","BAR","3"
"REVENUE#VAR_PT1_OP_PT2_C","579","591","579","BAR","2"
"REVENUE#VAR_PT1_OP_PT2_C","580","552","580","BAR","1"
"REVENUE#VAR_PT1_OP_PT2_C","580","582","580","BAR","3"
"REVENUE#VAR_PT1_OP_PT2_C","580","592","580","BAR","2"
"REVENUE#VAR_PT1_OP_PT2_C","581","553","581","BAR","1"
"REVENUE#VAR_PT1_OP_PT2_C","581","593","581","BAR","2"
"REVENUE#VAR_PT1_OP_PT2_C","582","554","582","BAR","1"
"REVENUE#VAR_PT1_OP_PT2_C","582","594","582","BAR","2"
"REVENUE#VAR_PT1_OP_PT2_C","583","555","583","BAR","1"
"REVENUE#VAR_PT1_OP_PT2_C","583","595","583","BAR","2"
"REVENUE#VAR_PT1_OP_PT2_C","584","556","584","BAR","1"
"REVENUE#VAR_PT1_OP_PT2_C","584","596","584","BAR","2"
"SUP_INV_COMMITTED_COST#ACT","616","87","616","BAR","2"
"SUP_INV_COMMITTED_COST#ACT","616","92","616","BAR","3"
"SUP_INV_COMMITTED_COST#ACT","616","102","616","BAR","1"
"SUP_INV_COMMITTED_COST#ACT","616","100010024596332","616","BAR","6"
"SUP_INV_COMMITTED_COST#ACT","617","88","617","BAR","2"
"SUP_INV_COMMITTED_COST#ACT","617","93","617","BAR","3"
"SUP_INV_COMMITTED_COST#ACT","617","103","617","BAR","1"
"SUP_INV_COMMITTED_COST#ACT","617","100010024596333","617","BAR","6"
"SUP_INV_COMMITTED_COST#ACT","618","89","618","BAR","2"
"SUP_INV_COMMITTED_COST#ACT","618","94","618","BAR","3"
"SUP_INV_COMMITTED_COST#ACT","618","104","618","BAR","1"
"SUP_INV_COMMITTED_COST#ACT","618","100010024596334","618","BAR","6"
"SUP_INV_COMMITTED_COST#ACT","615","86","615","BAR","2"
"SUP_INV_COMMITTED_COST#ACT","615","91","615","BAR","3"
"SUP_INV_COMMITTED_COST#ACT","615","101","615","BAR","1"
"SUP_INV_COMMITTED_COST#ACT","615","617","615","BAR","4"
"SUP_INV_COMMITTED_COST#ACT","615","100010024596331","615","BAR","6"
"SUP_INV_COMMITTED_COST#ACT","619","90","619","BAR","2"
"SUP_INV_COMMITTED_COST#ACT","619","95","619","BAR","3"
"SUP_INV_COMMITTED_COST#ACT","619","105","619","BAR","1"
"SUP_INV_COMMITTED_COST#ACT","619","100010024596335","619","BAR","6"
"TOTAL_HRS#PT2_C","309","311","309","LINE","4"
"TOTAL_HRS#PT2_C","309","315","309","LINE","1"
"TOTAL_HRS#PT2_C","309","321","309","LINE","2"
"TOTAL_HRS#PT2_C","309","327","309","LINE","3"
"TOTAL_HRS#PT2_C","310","316","310","LINE","1"
"TOTAL_HRS#PT2_C","310","322","310","LINE","2"
"TOTAL_HRS#PT2_C","310","328","310","LINE","3"
"TOTAL_HRS#PT2_C","311","317","311","LINE","1"
"TOTAL_HRS#PT2_C","311","323","311","LINE","2"
"TOTAL_HRS#PT2_C","311","329","311","LINE","3"
"TOTAL_HRS#PT2_C","312","318","312","LINE","1"
"TOTAL_HRS#PT2_C","312","324","312","LINE","2"
"TOTAL_HRS#PT2_C","312","330","312","LINE","3"
"TOTAL_HRS#PT2_C","313","319","313","LINE","1"
"TOTAL_HRS#PT2_C","313","325","313","LINE","2"
"TOTAL_HRS#PT2_C","313","331","313","LINE","3"
"TOTAL_HRS#PT2_C","308","311","308","LINE","4"
"TOTAL_HRS#PT2_C","308","314","308","LINE","1"
"TOTAL_HRS#PT2_C","308","320","308","LINE","2"
"TOTAL_HRS#PT2_C","308","326","308","LINE","3"
"TTL_COMMITTED_COST#ACT","101","81","101","BAR","4"
"TTL_COMMITTED_COST#ACT","101","86","101","BAR","2"
"TTL_COMMITTED_COST#ACT","101","91","101","BAR","1"
"TTL_COMMITTED_COST#ACT","101","103","101","BAR","5"
"TTL_COMMITTED_COST#ACT","101","615","101","BAR","3"
"TTL_COMMITTED_COST#ACT","101","100010024596331","101","BAR","6"
"TTL_COMMITTED_COST#ACT","102","82","102","BAR","4"
"TTL_COMMITTED_COST#ACT","102","87","102","BAR","2"
"TTL_COMMITTED_COST#ACT","102","92","102","BAR","1"
"TTL_COMMITTED_COST#ACT","102","616","102","BAR","3"
"TTL_COMMITTED_COST#ACT","102","100010024596332","102","BAR","6"
"TTL_COMMITTED_COST#ACT","103","83","103","BAR","4"
"TTL_COMMITTED_COST#ACT","103","88","103","BAR","2"
"TTL_COMMITTED_COST#ACT","103","93","103","BAR","1"
"TTL_COMMITTED_COST#ACT","103","617","103","BAR","3"
"TTL_COMMITTED_COST#ACT","103","100010024596333","103","BAR","6"
"TTL_COMMITTED_COST#ACT","104","84","104","BAR","4"
"TTL_COMMITTED_COST#ACT","104","89","104","BAR","2"
"TTL_COMMITTED_COST#ACT","104","94","104","BAR","1"
"TTL_COMMITTED_COST#ACT","104","618","104","BAR","3"
"TTL_COMMITTED_COST#ACT","104","100010024596334","104","BAR","6"
"TTL_COMMITTED_COST#ACT","105","85","105","BAR","4"
"TTL_COMMITTED_COST#ACT","105","90","105","BAR","2"
"TTL_COMMITTED_COST#ACT","105","95","105","BAR","1"
"TTL_COMMITTED_COST#ACT","105","619","105","BAR","3"
"TTL_COMMITTED_COST#ACT","105","100010024596335","105","BAR","6"
"BILL_EQUIPMENT_HRS_PER#ACT","21","16","21","LINE","1"
"BILL_EQUIPMENT_HRS_PER#ACT","21","22","21","LINE","3"
"BILL_EQUIPMENT_HRS_PER#ACT","21","253","21","LINE","2"
"BILL_EQUIPMENT_HRS_PER#ACT","22","17","22","LINE     ","1"
"BILL_EQUIPMENT_HRS_PER#ACT","22","18","22","LINE","1"
"BILL_EQUIPMENT_HRS_PER#ACT","22","254","22","LINE","2"
"BILL_EQUIPMENT_HRS_PER#ACT","24","19","24","LINE     ","1"
"BILL_EQUIPMENT_HRS_PER#ACT","24","20","24","LINE","1"
"BILL_EQUIPMENT_HRS_PER#ACT","24","256","24","LINE","2"
"BILL_EQUIPMENT_HRS_PER#ACT","25","17","25","LINE","1"
"BILL_EQUIPMENT_HRS_PER#ACT","25","20","25","LINE     ","1"
"BILL_EQUIPMENT_HRS_PER#ACT","25","257","25","LINE","2"
"BILL_EQUIPMENT_HRS_PER#ACT","23","18","23","LINE     ","1"
"BILL_EQUIPMENT_HRS_PER#ACT","23","19","23","LINE","1"
"BILL_EQUIPMENT_HRS_PER#ACT","23","255","23","LINE","2"
"BILL_LABOR_HRS_PER#ACT","32","27","32","LINE","1"
"BILL_LABOR_HRS_PER#ACT","32","259","32","LINE","2"
"BILL_LABOR_HRS_PER#ACT","33","28","33","LINE","1"
"BILL_LABOR_HRS_PER#ACT","33","260","33","LINE","2"
"BILL_LABOR_HRS_PER#ACT","35","30","35","LINE","1"
"BILL_LABOR_HRS_PER#ACT","35","262","35","LINE","2"
"BILL_LABOR_HRS_PER#ACT","31","26","31","LINE","1"
"BILL_LABOR_HRS_PER#ACT","31","33","31","LINE","3"
"BILL_LABOR_HRS_PER#ACT","31","258","31","LINE","2"
"BILL_LABOR_HRS_PER#ACT","34","29","34","LINE","1"
"BILL_LABOR_HRS_PER#ACT","34","261","34","LINE","2"
"BRDN_COST#ITD_ACT_PCT_SPENT","522","111","522","BAR","1"
"BRDN_COST#ITD_ACT_PCT_SPENT","522","136","522","BAR","2"
"BRDN_COST#PT2_C","198","140","198","BAR","2"
"BRDN_COST#PT2_C","198","204","198","BAR","1"
"BRDN_COST#PT2_C","199","141","199","BAR","2"
"BRDN_COST#PT2_C","199","205","199","BAR","1"
"BRDN_COST#PT2_C","194","136","194","BAR","2"
"BRDN_COST#PT2_C","194","197","194","BAR","3"
"BRDN_COST#PT2_C","194","200","194","BAR","1"
"BRDN_COST#PT2_C","195","137","195","BAR","2"
"BRDN_COST#PT2_C","195","197","195","BAR","3"
"BRDN_COST#PT2_C","195","201","195","BAR","1"
"BRDN_COST#PT2_C","196","138","196","BAR","2"
"BRDN_COST#PT2_C","196","202","196","BAR","1"
"BRDN_COST#PT2_C","197","139","197","BAR","2"
"BRDN_COST#PT2_C","197","203","197","BAR","1"
"BRDN_COST#VAR_PER_PT1_C_PT2_C","188","136","188","BAR","2"
"BRDN_COST#VAR_PER_PT1_C_PT2_C","188","182","188","BAR","1"
"BRDN_COST#VAR_PER_PT1_C_PT2_C","188","191","188","LINE","4"
"BRDN_COST#VAR_PER_PT1_C_PT2_C","188","194","188","BAR","3"
"BRDN_COST#VAR_PER_PT1_C_PT2_C","189","137","189","BAR","2"
"BRDN_COST#VAR_PER_PT1_C_PT2_C","189","183","189","BAR","1"
"BRDN_COST#VAR_PER_PT1_C_PT2_C","189","191","189","LINE","4"
"BRDN_COST#VAR_PER_PT1_C_PT2_C","189","195","189","BAR","3"
"BRDN_COST#VAR_PER_PT1_C_PT2_C","190","138","190","BAR","2"
"BRDN_COST#VAR_PER_PT1_C_PT2_C","190","184","190","BAR","1"
"BRDN_COST#VAR_PER_PT1_C_PT2_C","190","196","190","BAR","3"
"BRDN_COST#VAR_PER_PT1_C_PT2_C","191","139","191","BAR","2"
"BRDN_COST#VAR_PER_PT1_C_PT2_C","191","185","191","BAR","1"
"BRDN_COST#VAR_PER_PT1_C_PT2_C","191","197","191","BAR","3"
"BRDN_COST#VAR_PER_PT1_C_PT2_C","192","140","192","BAR","2"
"BRDN_COST#VAR_PER_PT1_C_PT2_C","192","186","192","BAR","1"
"BRDN_COST#VAR_PER_PT1_C_PT2_C","192","198","192","BAR","3"
"BRDN_COST#VAR_PER_PT1_C_PT2_C","193","141","193","BAR","2"
"BRDN_COST#VAR_PER_PT1_C_PT2_C","193","187","193","BAR","1"
"BRDN_COST#VAR_PER_PT1_C_PT2_C","193","199","193","BAR","3"
"BRDN_COST#VAR_PT2_C_PT2_OP","206","194","206","BAR","1"
"BRDN_COST#VAR_PT2_C_PT2_OP","206","200","206","BAR","2"
"BRDN_COST#VAR_PT2_C_PT2_OP","206","209","206","BAR","3"
"BRDN_COST#VAR_PT2_C_PT2_OP","207","195","207","BAR","1"
"BRDN_COST#VAR_PT2_C_PT2_OP","207","201","207","BAR","2"
"BRDN_COST#VAR_PT2_C_PT2_OP","207","209","207","BAR","3"
"BRDN_COST#VAR_PT2_C_PT2_OP","209","197","209","BAR","1"
"BRDN_COST#VAR_PT2_C_PT2_OP","209","203","209","BAR","2"
"BRDN_COST#VAR_PT2_C_PT2_OP","211","199","211","BAR","1"
"BRDN_COST#VAR_PT2_C_PT2_OP","211","205","211","BAR","2"
"BRDN_COST#VAR_PT2_C_PT2_OP","208","196","208","BAR","1"
"BRDN_COST#VAR_PT2_C_PT2_OP","208","202","208","BAR","2"
"BRDN_COST#VAR_PT2_C_PT2_OP","210","198","210","BAR","1"
"BRDN_COST#VAR_PT2_C_PT2_OP","210","204","210","BAR","2"
"CAP_COST_PER#ACT","61","63","61","LINE","3"
"CAP_COST_PER#ACT","61","66","61","BAR","1"
"CAP_COST_PER#ACT","61","76","61","BAR","2"
"CAP_COST_PER#ACT","62","67","62","BAR","1"
"CAP_COST_PER#ACT","62","77","62","BAR","2"
"CAP_COST_PER#ACT","63","68","63","BAR","1"
"CAP_COST_PER#ACT","63","78","63","BAR","2"
"CAP_COST_PER#ACT","64","69","64","BAR","1"
"CAP_COST_PER#ACT","64","79","64","BAR","2"
"CAP_COST_PER#ACT","65","70","65","BAR","1"
"CAP_COST_PER#ACT","65","80","65","BAR","2"
"EQUIPMENT_HRS#ITD_ACT_PCT_SPENT","524","253","524","LINE","1"
"EQUIPMENT_HRS#ITD_ACT_PCT_SPENT","524","279","524","LINE","2"
"TO_COMMITTED_COST#ACT","100010024596331","86","100010024596331","BAR","3"
"TO_COMMITTED_COST#ACT","100010024596331","91","100010024596331","BAR","1"
"TO_COMMITTED_COST#ACT","100010024596331","101","100010024596331","BAR","4"
"TO_COMMITTED_COST#ACT","100010024596331","615","100010024596331","BAR","2"
"TO_COMMITTED_COST#ACT","100010024596332","87","100010024596332","BAR","3"
"TO_COMMITTED_COST#ACT","100010024596332","92","100010024596332","BAR","1"
"TO_COMMITTED_COST#ACT","100010024596332","102","100010024596332","BAR","4"
"TO_COMMITTED_COST#ACT","100010024596332","616","100010024596332","BAR","2"
"TO_COMMITTED_COST#ACT","100010024596333","88","100010024596333","BAR","3"
"TO_COMMITTED_COST#ACT","100010024596333","93","100010024596333","BAR","1"
"TO_COMMITTED_COST#ACT","100010024596333","103","100010024596333","BAR","4"
"TO_COMMITTED_COST#ACT","100010024596333","617","100010024596333","BAR","2"
"TO_COMMITTED_COST#ACT","100010024596334","89","100010024596334","BAR","3"
"TO_COMMITTED_COST#ACT","100010024596334","94","100010024596334","BAR","1"
"TO_COMMITTED_COST#ACT","100010024596334","104","100010024596334","BAR","4"
"TO_COMMITTED_COST#ACT","100010024596334","618","100010024596334","BAR","2"
"TO_COMMITTED_COST#ACT","100010024596335","90","100010024596335","BAR","3"
"TO_COMMITTED_COST#ACT","100010024596335","95","100010024596335","BAR","1"
"TO_COMMITTED_COST#ACT","100010024596335","105","100010024596335","BAR","4"
"TO_COMMITTED_COST#ACT","100010024596335","619","100010024596335","BAR","2"
