"MeasureSetCode","AccountDim","CategoryName","Description","InternalName","MeasureCategoryCode","MeasureFormat","MeasureFormula","MeasureSetType","Name","ScenarioDim"
"PPF_MSR_CUST13","LABOR_BRDN_COST","Custom","Custom measure 13","Custom measure 13","CUSTOM","CURRENCY","","CUSTOM_CALC","Custom measure 13","VAR_PT1_C_PT3_C"
"PPF_MSR_CUST14","EQUIPMENT_BRDN_COST","Custom","Custom measure 14","Custom measure 14","CUSTOM","CURRENCY","","CUSTOM_CALC","Custom measure 14","VAR_PT1_C_PT3_C"
"PPF_MSR_CUST15","BRDN_COST","Custom","Custom measure 15","Custom measure 15","CUSTOM","CURRENCY","","CUSTOM_CALC","Custom measure 15","VAR_PT1_C_PT3_C"
"PPF_MSR_CUST16","LABOR_HRS","Custom","Custom measure 16","Custom measure 16","CUSTOM","HOURS","","CUSTOM_CALC","Custom measure 16","VAR_PT4_C_ACT"
"PPF_MSR_CUST17","EQUIPMENT_HRS","Custom","Custom measure 17","Custom measure 17","CUSTOM","HOURS","","CUSTOM_CALC","Custom measure 17","VAR_PT4_C_ACT"
"PPF_MSR_CUST18","TOTAL_HRS","Custom","Custom measure 18","Custom measure 18","CUSTOM","HOURS","","CUSTOM_CALC","Custom measure 18","VAR_PT4_C_ACT"
"PPF_MSR_CUST19","LABOR_HRS","Custom","Custom measure 19","Custom measure 19","CUSTOM","HOURS","","CUSTOM_CALC","Custom measure 19","VAR_PT6_C_ACT"
"PPF_MSR_CUST2","EQUIPMENT_RAW_COST","Custom","Custom measure 2","Custom measure 2","CUSTOM","CURRENCY","","CUSTOM_CALC","Custom measure 2","PT5_C"
"PPF_MSR_CUST20","EQUIPMENT_HRS","Custom","Custom measure 20","Custom measure 20","CUSTOM","HOURS","","CUSTOM_CALC","Custom measure 20","VAR_PT6_C_ACT"
"PPF_MSR_CUST21","TOTAL_HRS","Custom","Custom measure 21","Custom measure 21","CUSTOM","HOURS","","CUSTOM_CALC","Custom measure 21","VAR_PT6_C_ACT"
"PPF_MSR_CUST22","EQUIPMENT_BRDN_COST","Custom","Custom measure 22","Custom measure 22","CUSTOM","CURRENCY","","CUSTOM_CALC","Custom measure 22","CUST"
"PPF_MSR_CUST23","CUSTOM23","Custom","Custom measure 23","Custom measure 23","CUSTOM","CURRENCY","","CUSTOM_CALC","Custom measure 23","CUST"
"PPF_MSR_CUST24","CUSTOM24","Custom","Custom measure 24","Custom measure 24","CUSTOM","CURRENCY","","CUSTOM_CALC","Custom measure 24","CUST"
"PPF_MSR_CUST25","CUSTOM25","Custom","Custom measure 25","Custom measure 25","CUSTOM","CURRENCY","","CUSTOM_CALC","Custom measure 25","CUST"
"PPF_MSR_CUST27","CUSTOM27","Custom","Custom measure 27","Custom measure 27","CUSTOM","CURRENCY","","CUSTOM_CALC","Custom measure 27","CUST"
"PPF_MSR_CUST28","CUSTOM28","Custom","Custom measure 28","Custom measure 28","CUSTOM","CURRENCY","","CUSTOM_CALC","Custom measure 28","CUST"
"PPF_MSR_CUST3","RAW_COST","Custom","Custom measure 3","Custom measure 3","CUSTOM","CURRENCY","","CUSTOM_CALC","Custom measure 3","PT5_C"
"PPF_MSR_CUST30","CUSTOM30","Custom","Custom measure 30","Custom measure 30","CUSTOM","CURRENCY","","CUSTOM_CALC","Custom measure 30","CUST"
"PPF_MSR_CUST31","CUSTOM31","Custom","Custom measure 31","Custom measure 31","CUSTOM","CURRENCY","","CUSTOM_CALC","Custom measure 31","CUST"
"PPF_MSR_CUST33","CUSTOM33","Custom","Custom measure 33","Custom measure 33","CUSTOM","CURRENCY","","CUSTOM_CALC","Custom measure 33","CUST"
"PPF_MSR_CUST34","CUSTOM34","Custom","Custom measure 34","Custom measure 34","CUSTOM","CURRENCY","","CUSTOM_CALC","Custom measure 34","CUST"
"PPF_MSR_CUST36","CUSTOM36","Custom","Custom measure 36","Custom measure 36","CUSTOM","CURRENCY","","CUSTOM_CALC","Custom measure 36","CUST"
"PPF_MSR_CUST37","CUSTOM37","Custom","Custom measure 37","Custom measure 37","CUSTOM","CURRENCY","","CUSTOM_CALC","Custom measure 37","CUST"
"PPF_MSR_CUST39","CUSTOM39","Custom","Custom measure 39","Custom measure 39","CUSTOM","CURRENCY","","CUSTOM_CALC","Custom measure 39","CUST"
"PPF_MSR_CUST4","LABOR_BRDN_COST","Custom","Custom measure 4","Custom measure 4","CUSTOM","CURRENCY","","CUSTOM_CALC","Custom measure 4","PT5_C"
"PPF_MSR_CUST41","CUSTOM41","Custom","Custom measure 41","Custom measure 41","CUSTOM","CURRENCY","","CUSTOM_CALC","Custom measure 41","CUST"
"PPF_MSR_CUST42","CUSTOM42","Custom","Custom measure 42","Custom measure 42","CUSTOM","CURRENCY","","CUSTOM_CALC","Custom measure 42","CUST"
"PPF_MSR_CUST43","CUSTOM43","Custom","Custom measure 43","Custom measure 43","CUSTOM","CURRENCY","","CUSTOM_CALC","Custom measure 43","CUST"
"PPF_MSR_CUST45","CUSTOM45","Custom","Custom measure 45","Custom measure 45","CUSTOM","CURRENCY","","CUSTOM_CALC","Custom measure 45","CUST"
"PPF_MSR_CUST46","CUSTOM46","Custom","Custom measure 46","Custom measure 46","CUSTOM","CURRENCY","","CUSTOM_CALC","Custom measure 46","CUST"
"PPF_MSR_CUST48","CUSTOM48","Custom","Custom measure 48","Custom measure 48","CUSTOM","CURRENCY","","CUSTOM_CALC","Custom measure 48","CUST"
"PPF_MSR_CUST49","CUSTOM49","Custom","Custom measure 49","Custom measure 49","CUSTOM","CURRENCY","","CUSTOM_CALC","Custom measure 49","CUST"
"PPF_MSR_CUST50","CUSTOM50","Custom","Custom measure 50","Custom measure 50","CUSTOM","CURRENCY","","CUSTOM_CALC","Custom measure 50","CUST"
"PPF_MSR_CUST6","BRDN_COST","Custom","Custom measure 6","Custom measure 6","CUSTOM","CURRENCY","","CUSTOM_CALC","Custom measure 6","PT5_C"
"PPF_MSR_CUST7","LABOR_HRS","Custom","Custom measure 7","Custom measure 7","CUSTOM","HOURS","","CUSTOM_CALC","Custom measure 7","PT6_C"
"PPF_MSR_CUST9","TOTAL_HRS","Custom","Custom measure 9","Custom measure 9","CUSTOM","HOURS","","CUSTOM_CALC","Custom measure 9","PT6_C"
"PR_COMMITTED_COST#ACT","PR_COMMITTED_COST","Commitment cost","Amount of purchase requisitions, either approved or all purchase requisitions, as specified during reporting setup","Purchase requisitions committed cost","CMTMNT","CURRENCY","","SEEDED","Purchase requisitions committed cost","ACT"
"RAW_COST#PT1_C","RAW_COST","Cost budget","Raw cost from the current baseline budget","Budget raw cost","CSTBGT","CURRENCY","","SEEDED","Budget raw cost","PT1_C"
"RAW_COST#PT1_OP","RAW_COST","Cost budget","Raw cost from the original baseline budget","Original budget raw cost","CSTBGT","CURRENCY","","SEEDED","Original budget raw cost","PT1_OP"
"RETIRE_BRDN_COST#ACT","RETIRE_BRDN_COST","Capitalization","Actual burdened cost of removing an asset from service","Actual retirement cost","CPTL","CURRENCY","","SEEDED","Actual retirement cost","ACT"
"RETIRE_RAW_COST#ACT","RETIRE_RAW_COST","Capitalization","Actual raw cost of removing an asset from service","Actual retirement raw cost","CPTL","CURRENCY","","SEEDED","Actual retirement raw cost","ACT"
"REVENUE#ACT","REVENUE","Revenue","Actual amount recognized as revenue on a contract ","Actual revenue","REV","CURRENCY","","SEEDED","Actual revenue","ACT"
"REVENUE#PT1_C","REVENUE","Revenue budget","Revenue from the current baseline budget","Budget revenue","REVBGT","CURRENCY","","SEEDED","Budget revenue","PT1_C"
"REVENUE#PT1_OP","REVENUE","Revenue budget","Revenue from the original baseline budget","Original budget revenue","REVBGT","CURRENCY","","SEEDED","Original budget revenue","PT1_OP"
"REVENUE#PT2_C","REVENUE","Revenue forecast","Revenue from the current approved forecast","Forecast revenue","REVFRCST","CURRENCY","","SEEDED","Forecast revenue","PT2_C"
"REVENUE#PT2_OP","REVENUE","Revenue forecast","Revenue from the previous approved forecast","Previous forecast revenue","REVFRCST","CURRENCY","","SEEDED","Previous forecast revenue","PT2_OP"
"REVENUE#VAR_PER_PT1_C_ACT","REVENUE","Revenue budget","((Current baseline budget revenue - actual revenue) / current baseline budget revenue) * 100","Revenue variance (%)","REVBGT","PERCENT","","SEEDED","Revenue variance (%)","VAR_PER_PT1_C_ACT"
"REVENUE#VAR_PER_PT1_C_PT2_C","REVENUE","Revenue budget and forecast","((Current baseline budget revenue - current approved forecast revenue) / current baseline budget revenue) * 100","Forecast revenue variance (%)","REVBGTFRCST","PERCENT","","SEEDED","Forecast revenue variance (%)","VAR_PER_PT1_C_PT2_C"
"REVENUE#VAR_PER_PT2_C_PT2_OP","REVENUE","Revenue forecast","((Current approved forecast revenue - previous approved forecast revenue) / current approved forecast revenue) * 100","Current and previous forecast revenue variance (%)","REVFRCST","PERCENT","","SEEDED","Current and previous forecast revenue variance (%)","VAR_PER_PT2_C_PT2_OP"
"REVENUE#VAR_PT1_C_ACT","REVENUE","Revenue budget","Current baseline budget revenue - actual revenue","Revenue variance","REVBGT","CURRENCY","","SEEDED","Revenue variance","VAR_PT1_C_ACT"
"REVENUE#VAR_PT1_C_PT1_OP","REVENUE","Revenue budget","Current baseline budget revenue - original baseline budget revenue","Current and original budget revenue variance","REVBGT","CURRENCY","","SEEDED","Current and original budget revenue variance","VAR_PT1_C_PT1_OP"
"REVENUE#VAR_PT1_C_PT2_C","REVENUE","Revenue budget and forecast","Current baseline budget revenue - current approved forecast revenue","Forecast revenue variance","REVBGTFRCST","CURRENCY","","SEEDED","Forecast revenue variance","VAR_PT1_C_PT2_C"
"REVENUE#VAR_PT2_C_PT2_OP","REVENUE","Revenue forecast","Current approved forecast revenue - previous approved forecast revenue","Current and previous forecast revenue variance","REVFRCST","CURRENCY","","SEEDED","Current and previous forecast revenue variance","VAR_PT2_C_PT2_OP"
"SUM_BRDN_COST_COMMITTED_COST#ACT","SUM_BRDN_COST_COMMITTED_COST","Cost","Actual burdened cost + committed cost","Actual and committed cost","COST","CURRENCY","","SEEDED","Actual and committed cost","ACT"
"TOTAL_HRS#ETC_PT2_C","TOTAL_HRS","Estimate to complete","Current approved forecast labor and equipment effort - actual labor and equipment effort","Estimate to complete effort","ESTCMPL","HOURS","","SEEDED","Estimate to complete effort","ETC_PT2_C"
"TOTAL_HRS#ITD_ACT_PCT_SPENT","TOTAL_HRS","Percent complete","(Actual labor and equipment effort / current baseline budget labor and equipment effort) * 100","Actual spent effort (%)","PRCNTCMPL","PERCENT","","SEEDED","Actual spent effort (%)","ITD_ACT_PCT_SPENT"
"TOTAL_HRS#PT1_C","TOTAL_HRS","Effort budget","Labor and equipment effort from the current baseline budget","Budget effort","EFRTBGT","HOURS","","SEEDED","Budget effort","PT1_C"
"TOTAL_HRS#PT2_OP","TOTAL_HRS","Effort forecast","Labor and equipment effort from the previous approved forecast","Previous forecast effort","EFRTFRCST","HOURS","","SEEDED","Previous forecast effort","PT2_OP"
"TOTAL_HRS#VAR_PT2_C_PT2_OP","TOTAL_HRS","Effort forecast","Current approved labor and equipment forecast effort - previous approved labor and equipment forecast effort","Current and previous forecast effort variance","EFRTFRCST","HOURS","","SEEDED","Current and previous forecast effort variance","VAR_PT2_C_PT2_OP"
"BILL_BRDN_COST#ACT","BILL_BRDN_COST","Billing","Actual cost that is eligible for billing","Actual billable cost","BIL","CURRENCY","","SEEDED","Actual billable cost","ACT"
"BILL_COST_PER#ACT","BILL_COST_PER","Billing","(Actual billable cost / actual burdened cost) * 100","Actual billable cost (%)","BIL","PERCENT","","SEEDED","Actual billable cost (%)","ACT"
"BILL_EQUIPMENT_HRS#ACT","BILL_EQUIPMENT_HRS","Billing","Actual equipment effort that is eligible for billing","Actual billable equipment effort","BIL","HOURS","","SEEDED","Actual billable equipment effort","ACT"
"BILL_HRS_PER#ACT","BILL_HRS_PER","Billing","((Actual billable labor and equipment effort) / (actual labor and equipment effort)) * 100","Actual billable effort (%)","BIL","PERCENT","","SEEDED","Actual billable effort (%)","ACT"
"BILL_LABOR_HRS#ACT","BILL_LABOR_HRS","Billing","Actual labor effort that is eligible for billing","Actual billable labor effort","BIL","HOURS","","SEEDED","Actual billable labor effort","ACT"
"BILL_RAW_COST#ACT","BILL_RAW_COST","Billing","Actual raw cost that is eligible for billing","Actual billable raw cost","BIL","CURRENCY","","SEEDED","Actual billable raw cost","ACT"
"BRDN_COST#ACT","BRDN_COST","Cost","Actual cost including raw and burden cost","Actual cost","COST","CURRENCY","","SEEDED","Actual cost","ACT"
"BRDN_COST#ETC_PT2_C","BRDN_COST","Estimate to complete","Current approved forecast burdened cost - actual burdened cost","Estimate to complete cost","ESTCMPL","CURRENCY","","SEEDED","Estimate to complete cost","ETC_PT2_C"
"BRDN_COST#PT1_C","BRDN_COST","Cost budget","Burdened cost from the current baseline budget","Budget cost","CSTBGT","CURRENCY","","SEEDED","Budget cost","PT1_C"
"BRDN_COST#PT1_OP","BRDN_COST","Cost budget","Burdened cost from the original baseline budget","Original budget cost","CSTBGT","CURRENCY","","SEEDED","Original budget cost","PT1_OP"
"BRDN_COST#PT2_OP","BRDN_COST","Cost forecast","Burdened cost from the previous approved forecast","Previous forecast cost","CSTFRCST","CURRENCY","","SEEDED","Previous forecast cost","PT2_OP"
"BRDN_COST#VAR_PER_PT1_C_ACT","BRDN_COST","Cost budget","((Current baseline budget burdened cost - actual burdened cost ) / current baseline budget burdened cost) * 100","Cost variance (%)","CSTBGT","PERCENT","","SEEDED","Cost variance (%)","VAR_PER_PT1_C_ACT"
"BRDN_COST#VAR_PER_PT1_C_PT1_OP","BRDN_COST","Cost budget","((Current baseline budget cost - original baseline budget cost) / current baseline budget cost) * 100","Current and original budget cost variance (%)","CSTBGT","PERCENT","","SEEDED","Current and original budget cost variance (%)","VAR_PER_PT1_C_PT1_OP"
"BRDN_COST#VAR_PER_PT2_C_PT2_OP","BRDN_COST","Cost forecast","((Current approved forecast cost - previous approved forecast cost) / current approved forecast cost) * 100","Current and previous forecast cost variance (%)","CSTFRCST","PERCENT","","SEEDED","Current and previous forecast cost variance (%)","VAR_PER_PT2_C_PT2_OP"
"BRDN_COST#VAR_PT1_C_ACT","BRDN_COST","Cost budget","Current baseline budget cost - actual burdened cost ","Cost variance","CSTBGT","CURRENCY","","SEEDED","Cost variance","VAR_PT1_C_ACT"
"BRDN_COST#VAR_PT1_C_PT2_C","BRDN_COST","Cost budget","Current baseline budget cost - current approved forecast cost","Forecast cost variance","CSTBGT","CURRENCY","","SEEDED","Forecast cost variance","VAR_PT1_C_PT2_C"
"BRDN_COST#VAR_PT1_OP_ACT","BRDN_COST","Cost budget","Original baseline budget cost - actual cost","Original budget and actual cost variance","CSTBGT","CURRENCY","","SEEDED","Original budget and actual cost variance","VAR_PT1_OP_ACT"
"BRDN_COST#VAR_PT1_OP_PT2_C","BRDN_COST","Cost budget and forecast","Original baseline budget cost - current approved forecast cost","Original budget and forecast cost variance","CSTBGTFRCST","CURRENCY","","SEEDED","Original budget and forecast cost variance","VAR_PT1_OP_PT2_C"
"BRD_COST#ACT","BRD_COST","Cost","Amount of burden applied against the actual raw cost","Actual burden cost","COST","CURRENCY","","SEEDED","Actual burden cost","ACT"
"CAP_BRDN_COST#ACT","CAP_BRDN_COST","Capitalization","Actual burdened cost that is eligible to be capitalized against an asset","Actual capitalizable cost","CPTL","CURRENCY","","SEEDED","Actual capitalizable cost","ACT"
"CAP_RAW_COST#ACT","CAP_RAW_COST","Capitalization","Actual raw cost that is eligible to be capitalized against an asset","Actual capitalizable raw cost","CPTL","CURRENCY","","SEEDED","Actual capitalizable raw cost","ACT"
"EQUIPMENT_HRS#ACT","EQUIPMENT_HRS","Effort","Actual billable equipment effort + actual nonbillable equipment effort","Actual equipment effort","EFRT","HOURS","","SEEDED","Actual equipment effort","ACT"
"EQUIPMENT_HRS#ETC_PT2_C","EQUIPMENT_HRS","Estimate to complete","Current approved forecast equipment effort - actual equipment effort","Estimate to complete equipment effort","ESTCMPL","HOURS","","SEEDED","Estimate to complete equipment effort","ETC_PT2_C"
"EQUIPMENT_HRS#PT1_C","EQUIPMENT_HRS","Effort budget","Equipment effort from the current baseline budget","Budget equipment effort","EFRTBGT","HOURS","","SEEDED","Budget equipment effort","PT1_C"
"EQUIPMENT_HRS#PT1_OP","EQUIPMENT_HRS","Effort budget","Equipment effort from the original baseline budget","Original budget equipment effort","EFRTBGT","HOURS","","SEEDED","Original budget equipment effort","PT1_OP"
"EQUIPMENT_HRS#PT2_C","EQUIPMENT_HRS","Effort forecast","Equipment effort from the current approved forecast","Forecast equipment effort","EFRTFRCST","HOURS","","SEEDED","Forecast equipment effort","PT2_C"
"EQUIPMENT_HRS#PT2_OP","EQUIPMENT_HRS","Effort forecast","Equipment effort from the previous approved forecast","Previous forecast equipment effort","EFRTFRCST","HOURS","","SEEDED","Previous forecast equipment effort","PT2_OP"
"EQUIPMENT_HRS#VAR_PER_PT2_C_ACT","EQUIPMENT_HRS","Effort forecast","((Current approved forecast equipment effort - actual equipment effort) / current approved forecast equipment effort) * 100","Forecast and actual equipment effort variance (%)","EFRTFRCST","PERCENT","","SEEDED","Forecast and actual equipment effort variance (%)","VAR_PER_PT2_C_ACT"
"EQUIPMENT_HRS#VAR_PER_PT2_C_PT2_OP","EQUIPMENT_HRS","Effort forecast","((Current approved forecast equipment effort - previous approved forecast equipment effort) / current approved forecast equipment effort) * 100","Current and previous forecast equipment effort variance (%)","EFRTFRCST","PERCENT","","SEEDED","Current and previous forecast equipment effort variance (%)","VAR_PER_PT2_C_PT2_OP"
"INVOICE_AMT#ACT","INVOICE_AMT","Billing","Actual amount invoiced to customer excluding tax","Actual invoice amount","BIL","CURRENCY","","SEEDED","Actual invoice amount","ACT"
"LABOR_BRDN_COST#ACT","LABOR_BRDN_COST","Cost","Actual raw labor cost + actual burden labor cost","Actual labor cost","COST","CURRENCY","","SEEDED","Actual labor cost","ACT"
"LABOR_HRS#ACT","LABOR_HRS","Effort","Actual billable labor effort + actual nonbillable labor effort","Actual labor effort","EFRT","HOURS","","SEEDED","Actual labor effort","ACT"
"LABOR_HRS#ETC_PT2_C","LABOR_HRS","Estimate to complete","Current approved forecast labor effort - actual labor effort","Estimate to complete labor effort","ESTCMPL","HOURS","","SEEDED","Estimate to complete labor effort","ETC_PT2_C"
"LABOR_HRS#ITD_ACT_PCT_SPENT","LABOR_HRS","Percent complete","(Actual labor effort / current baseline budget labor effort) * 100","Actual spent labor effort (%)","PRCNTCMPL","PERCENT","","SEEDED","Actual spent labor effort (%)","ITD_ACT_PCT_SPENT"
"LABOR_HRS#PT1_C","LABOR_HRS","Effort budget","Labor effort from the current baseline budget","Budget labor effort","EFRTBGT","HOURS","","SEEDED","Budget labor effort","PT1_C"
"LABOR_HRS#PT1_OP","LABOR_HRS","Effort budget","Labor effort from the original baseline budget","Original budget labor effort","EFRTBGT","HOURS","","SEEDED","Original budget labor effort","PT1_OP"
"LABOR_HRS#PT2_C","LABOR_HRS","Effort forecast","Labor effort from the current approved forecast","Forecast labor effort","EFRTFRCST","HOURS","","SEEDED","Forecast labor effort","PT2_C"
"LABOR_HRS#PT2_OP","LABOR_HRS","Effort forecast","Labor effort from the previous approved forecast","Previous forecast labor effort","EFRTFRCST","HOURS","","SEEDED","Previous forecast labor effort","PT2_OP"
"LABOR_HRS#VAR_PER_PT1_C_ACT","LABOR_HRS","Effort budget","((Current baseline budget labor effort - actual labor effort) / current baseline budget labor effort) * 100","Labor effort variance (%)","EFRTBGT","PERCENT","","SEEDED","Labor effort variance (%)","VAR_PER_PT1_C_ACT"
"LABOR_HRS#VAR_PER_PT1_C_PT2_C","LABOR_HRS","Effort budget and forecast","((Current baseline budget labor effort - current approved forecast labor effort) / current baseline budget labor effort) * 100","Forecast labor effort variance (%)","EFRTBGTFRCST","PERCENT","","SEEDED","Forecast labor effort variance (%)","VAR_PER_PT1_C_PT2_C"
"LABOR_HRS#VAR_PER_PT2_C_ACT","LABOR_HRS","Effort forecast","((Current approved forecast labor effort - actual labor effort) / current approved forecast labor effort) * 100","Forecast and actual labor effort variance (%)","EFRTFRCST","PERCENT","","SEEDED","Forecast and actual labor effort variance (%)","VAR_PER_PT2_C_ACT"
"LABOR_HRS#VAR_PER_PT2_C_PT2_OP","LABOR_HRS","Effort forecast","((Current approved forecast labor effort - previous approved forecast labor effort) / current approved forecast labor effort) * 100","Current and previous forecast labor effort variance (%)","EFRTFRCST","PERCENT","","SEEDED","Current and previous forecast labor effort variance (%)","VAR_PER_PT2_C_PT2_OP"
"LABOR_RAW_COST#ACT","LABOR_RAW_COST","Cost","Actual raw cost of expended labor","Actual labor raw cost","COST","CURRENCY","","SEEDED","Actual labor raw cost","ACT"
"MARGIN#ACT","MARGIN","Margin","Actual revenue - actual burdened cost","Actual margin","MARGIN","CURRENCY","","SEEDED","Actual margin","ACT"
"MARGIN#PT1_C","MARGIN","Margin budget","Current baseline budget revenue - current baseline budget burdened cost","Budget margin","MRGNBGT","CURRENCY","","SEEDED","Budget margin","PT1_C"
"MARGIN#PT2_C","MARGIN","Margin forecast","Current approved forecast revenue - current approved forecast burdened cost","Forecast margin","MRGNFRCST","CURRENCY","","SEEDED","Forecast margin","PT2_C"
"MARGIN#PT2_OP","MARGIN","Margin forecast","Previous approved forecast revenue - previous approved forecast burdened cost","Previous forecast margin","MRGNFRCST","CURRENCY","","SEEDED","Previous forecast margin","PT2_OP"
"MARGIN#VAR_PER_PT1_C_PT2_C","MARGIN","Margin budget and forecast","((Current baseline budget margin - current approved forecast margin) / current baseline budget margin) * 100","Forecast margin variance (%)","MRGNBGTFRCST","PERCENT","","SEEDED","Forecast margin variance (%)","VAR_PER_PT1_C_PT2_C"
"MARGIN#VAR_PER_PT1_OP_PT2_C","MARGIN","Margin budget and forecast","Original baseline budget revenue - current approved forecast revenue","Original budget and forecast revenue variance","MRGNBGTFRCST","PERCENT","","SEEDED","Original budget and forecast revenue variance","VAR_PER_PT1_OP_PT2_C"
"MARGIN#VAR_PT1_C_ACT","MARGIN","Margin budget","Current baseline budget margin - actual margin","Margin variance","MRGNBGT","CURRENCY","","SEEDED","Margin variance","VAR_PT1_C_ACT"
"MARGIN#VAR_PT1_C_PT1_OP","MARGIN","Margin budget","Current baseline budget margin - original baseline budget margin","Current and original budget margin variance","MRGNBGT","CURRENCY","","SEEDED","Current and original budget margin variance","VAR_PT1_C_PT1_OP"
"MARGIN#VAR_PT1_C_PT2_C","MARGIN","Margin budget and forecast","Current baseline budget margin - current approved forecast margin","Forecast margin variance","MRGNBGTFRCST","CURRENCY","","SEEDED","Forecast margin variance","VAR_PT1_C_PT2_C"
"MARGIN#VAR_PT2_C_PT2_OP","MARGIN","Margin forecast","Current approved forecast margin - previous approved forecast margin","Current and previous forecast margin variance","MRGNFRCST","CURRENCY","","SEEDED","Current and previous forecast margin variance","VAR_PT2_C_PT2_OP"
"MARGIN_PER#ACT","MARGIN_PER","Margin","(Actual margin / actual revenue) * 100","Actual margin (%)","MARGIN","PERCENT","","SEEDED","Actual margin (%)","ACT"
"MARGIN_PER#PT1_C","MARGIN_PER","Margin budget","(Current baseline budget margin / current baseline revenue) * 100","Budget margin (%)","MRGNBGT","PERCENT","","SEEDED","Budget margin (%)","PT1_C"
"MARGIN_PER#PT1_OP","MARGIN_PER","Margin budget","(Original baseline budget margin / original baseline budget revenue) * 100","Original budget margin (%)","MRGNBGT","PERCENT","","SEEDED","Original budget margin (%)","PT1_OP"
"MARGIN_PER#PT2_C","MARGIN_PER","Margin forecast","(Current approved forecast margin / current approved forecast revenue) * 100","Forecast margin (%)","MRGNFRCST","PERCENT","","SEEDED","Forecast margin (%)","PT2_C"
"MARGIN_PER#PT2_OP","MARGIN_PER","Margin forecast","(Previous approved forecast margin / previous approved forecast revenue) * 100","Previous forecast margin (%)","MRGNFRCST","PERCENT","","SEEDED","Previous forecast margin (%)","PT2_OP"
"MARGIN_PER#VAR_PER_PT1_C_ACT","MARGIN_PER","Margin budget","((Current baseline budget margin percentage - actual margin percentage) / current baseline budget margin percentage) * 100","Margin percentage variance (%)","MRGNBGT","PERCENT","","SEEDED","Margin percentage variance (%)","VAR_PER_PT1_C_ACT"
"MARGIN_PER#VAR_PER_PT1_C_PT2_C","MARGIN_PER","Margin budget and forecast","((Current baseline budget margin percentage - current approved forecast margin percentage) / current baseline budget margin percentage) * 100","Forecast margin percentage variance (%)","MRGNBGTFRCST","PERCENT","","SEEDED","Forecast margin percentage variance (%)","VAR_PER_PT1_C_PT2_C"
"MARGIN_PER#VAR_PER_PT2_C_PT2_OP","MARGIN_PER","Margin forecast","((Current approved forecast margin percentage - previous approved forecast margin percentage) / current approved forecast margin percentage) * 100","Current and previous forecast margin percentage variance (%)","MRGNFRCST","PERCENT","","SEEDED","Current and previous forecast margin percentage variance (%)","VAR_PER_PT2_C_PT2_OP"
"MARGIN_PER#VAR_PT1_C_ACT","MARGIN_PER","Margin budget","Current baseline budget margin percentage - actual margin percentage","Margin percentage variance","MRGNBGT","PERCENT","","SEEDED","Margin percentage variance","VAR_PT1_C_ACT"
"MARGIN_PER#VAR_PT1_C_PT2_C","MARGIN_PER","Margin budget and forecast","Current baseline budget margin percentage - current approved forecast margin percentage","Forecast margin percentage variance","MRGNBGTFRCST","PERCENT","","SEEDED","Forecast margin percentage variance","VAR_PT1_C_PT2_C"
"MARGIN_PER#VAR_PT2_C_PT2_OP","MARGIN_PER","Margin forecast","Current approved forecast margin percentage - previous approved forecast margin percentage","Current and previous forecast margin percentage variance","MRGNFRCST","PERCENT","","SEEDED","Current and previous forecast margin percentage variance","VAR_PT2_C_PT2_OP"
"NON_BILL_BRDN_COST#ACT","NON_BILL_BRDN_COST","Billing","Actual burdened cost that is not eligible for billing","Actual nonbillable cost","BIL","CURRENCY","","SEEDED","Actual nonbillable cost","ACT"
"NON_BILL_COST_PER#ACT","NON_BILL_COST_PER","Billing","(Actual nonbillable cost / actual burdened cost) * 100","Actual nonbillable cost (%)","BIL","PERCENT","","SEEDED","Actual nonbillable cost (%)","ACT"
"NON_BILL_EQUIPMENT_HRS#ACT","NON_BILL_EQUIPMENT_HRS","Effort","Actual equipment effort that is not eligible for billing","Actual nonbillable equipment effort","EFRT","HOURS","","SEEDED","Actual nonbillable equipment effort","ACT"
"NON_BILL_LABOR_HRS#ACT","NON_BILL_LABOR_HRS","Effort","Actual labor effort that is not eligible for billing","Actual nonbillable labor effort","EFRT","HOURS","","SEEDED","Actual nonbillable labor effort","ACT"
"NON_BILL_RAW_COST#ACT","NON_BILL_RAW_COST","Billing","Actual raw cost that is not eligible for billing","Actual nonbillable raw cost","BIL","CURRENCY","","SEEDED","Actual nonbillable raw cost","ACT"
"NON_CAP_BRDN_COST#ACT","NON_CAP_BRDN_COST","Capitalization","Actual burdened cost that is not eligible to be capitalized against an asset","Actual noncapitalizable cost","CPTL","CURRENCY","","SEEDED","Actual noncapitalizable cost","ACT"
"NON_CAP_COST_PER#ACT","NON_CAP_COST_PER","Capitalization","(Actual noncapitalizable cost / total burdened cost) * 100","Actual noncapitalizable cost (%)","CPTL","PERCENT","","SEEDED","Actual noncapitalizable cost (%)","ACT"
"NON_CAP_RAW_COST#ACT","NON_CAP_RAW_COST","Capitalization","Actual raw cost that is not eligible to be capitalized against an asset","Actual noncapitalizable raw cost","CPTL","CURRENCY","","SEEDED","Actual noncapitalizable raw cost","ACT"
"OTH_COMMITTED_COST#ACT","OTH_COMMITTED_COST","Commitment cost","Amount of commitments received from third-party applications","Other committed cost","CMTMNT","CURRENCY","","SEEDED","Other committed cost","ACT"
"PO_COMMITTED_COST#ACT","PO_COMMITTED_COST","Commitment cost","Amount of purchase orders, either approved or all purchase orders, as specified during reporting setup","Purchase orders committed cost","CMTMNT","CURRENCY","","SEEDED","Purchase orders committed cost","ACT"
"PPF_MSR_CUST1","LABOR_RAW_COST","Custom","Custom measure 1","Custom measure 1","CUSTOM","CURRENCY","","CUSTOM_CALC","Custom measure 1","PT5_C"
"PPF_MSR_CUST10","LABOR_RAW_COST","Custom","Custom measure 10","Custom measure 10","CUSTOM","CURRENCY","","CUSTOM_CALC","Custom measure 10","VAR_PT1_C_PT3_C"
"PPF_MSR_CUST11","EQUIPMENT_RAW_COST","Custom","Custom measure 11","Custom measure 11","CUSTOM","CURRENCY","","CUSTOM_CALC","Custom measure 11","VAR_PT1_C_PT3_C"
"PPF_MSR_CUST12","RAW_COST","Custom","Custom measure 12","Custom measure 12","CUSTOM","CURRENCY","","CUSTOM_CALC","Custom measure 12","VAR_PT1_C_PT3_C"
"LABOR_HRS#VAR_PT2_C_PT2_OP","LABOR_HRS","Effort forecast","Current approved forecast labor effort - previous approved forecast labor effort","Current and previous forecast labor effort variance","EFRTFRCST","HOURS","","SEEDED","Current and previous forecast labor effort variance","VAR_PT2_C_PT2_OP"
"MARGIN#PT1_OP","MARGIN","Margin budget","Original baseline budget revenue - original baseline budget burdened cost","Original budget margin","MRGNBGT","CURRENCY","","SEEDED","Original budget margin","PT1_OP"
"MARGIN#VAR_PER_PT1_C_PT1_OP","MARGIN","Margin budget","((Current baseline budget margin - original baseline budget margin) / current baseline budget margin) * 100","Current and original budget margin variance (%)","MRGNBGT","PERCENT","","SEEDED","Current and original budget margin variance (%)","VAR_PER_PT1_C_PT1_OP"
"MARGIN#VAR_PER_PT2_C_PT2_OP","MARGIN","Margin forecast","((Current approved forecast margin - previous approved forecast margin) / current approved forecast margin) * 100","Current and previous forecast margin variance (%)","MRGNFRCST","PERCENT","","SEEDED","Current and previous forecast margin variance (%)","VAR_PER_PT2_C_PT2_OP"
"MARGIN#VAR_PT1_OP_PT2_C","MARGIN","Margin budget and forecast","Original baseline budget margin - current approved forecast margin","Original budget and forecast margin variance","MRGNBGTFRCST","CURRENCY","","SEEDED","Original budget and forecast margin variance","VAR_PT1_OP_PT2_C"
"PPF_MSR_CUST26","CUSTOM26","Custom","Custom measure 26","Custom measure 26","CUSTOM","CURRENCY","","CUSTOM_CALC","Custom measure 26","CUST"
"PPF_MSR_CUST29","CUSTOM29","Custom","Custom measure 29","Custom measure 29","CUSTOM","CURRENCY","","CUSTOM_CALC","Custom measure 29","CUST"
"PPF_MSR_CUST32","CUSTOM32","Custom","Custom measure 32","Custom measure 32","CUSTOM","CURRENCY","","CUSTOM_CALC","Custom measure 32","CUST"
"PPF_MSR_CUST35","CUSTOM35","Custom","Custom measure 35","Custom measure 35","CUSTOM","CURRENCY","","CUSTOM_CALC","Custom measure 35","CUST"
"PPF_MSR_CUST38","CUSTOM38","Custom","Custom measure 38","Custom measure 38","CUSTOM","CURRENCY","","CUSTOM_CALC","Custom measure 38","CUST"
"PPF_MSR_CUST40","CUSTOM40","Custom","Custom measure 40","Custom measure 40","CUSTOM","CURRENCY","","CUSTOM_CALC","Custom measure 40","CUST"
"PPF_MSR_CUST44","CUSTOM44","Custom","Custom measure 44","Custom measure 44","CUSTOM","CURRENCY","","CUSTOM_CALC","Custom measure 44","CUST"
"PPF_MSR_CUST47","CUSTOM47","Custom","Custom measure 47","Custom measure 47","CUSTOM","CURRENCY","","CUSTOM_CALC","Custom measure 47","CUST"
"PPF_MSR_CUST5","EQUIPMENT_BRDN_COST","Custom","Custom measure 5","Custom measure 5","CUSTOM","CURRENCY","","CUSTOM_CALC","Custom measure 5","PT5_C"
"PPF_MSR_CUST8","EQUIPMENT_HRS","Custom","Custom measure 8","Custom measure 8","CUSTOM","HOURS","","CUSTOM_CALC","Custom measure 8","PT6_C"
"RAW_COST#ACT","RAW_COST","Cost","Actual raw cost, such as salaries and expenses, that is directly attributable to work performed","Actual raw cost","COST","CURRENCY","","SEEDED","Actual raw cost","ACT"
"REVENUE#VAR_PT1_OP_PT2_C","REVENUE","Revenue budget and forecast","((Original baseline budget margin - current approved forecast margin) / original baseline budget margin) * 100","Original budget and forecast margin variance (%)","REVBGTFRCST","CURRENCY","","SEEDED","Original budget and forecast margin variance (%)","VAR_PT1_OP_PT2_C"
"SUP_INV_COMMITTED_COST#ACT","SUP_INV_COMMITTED_COST","Commitment cost","Amount of supplier invoices, either approved or all supplier invoices, as specified during reporting setup","Supplier invoice committed cost","CMTMNT","CURRENCY","","SEEDED","Supplier invoice committed cost","ACT"
"TOTAL_HRS#PT2_C","TOTAL_HRS","Effort forecast","Labor and equipment effort from the current approved forecast","Forecast effort","EFRTFRCST","HOURS","","SEEDED","Forecast effort","PT2_C"
"TTL_COMMITTED_COST#ACT","TTL_COMMITTED_COST","Commitment cost","Amount of purchase requisitions, purchase orders, supplier invoices, and external commitments as specified during reporting setup","Committed cost","CMTMNT","CURRENCY","","SEEDED","Committed cost","ACT"
"BILL_EQUIPMENT_HRS_PER#ACT","BILL_EQUIPMENT_HRS_PER","Billing","(Actual billable equipment effort / actual equipment effort) * 100","Actual billable equipment effort (%)","BIL","PERCENT","","SEEDED","Actual billable equipment effort (%)","ACT"
"BILL_LABOR_HRS_PER#ACT","BILL_LABOR_HRS_PER","Billing","(Actual billable labor effort / actual labor effort) * 100","Actual billable labor effort (%)","BIL","PERCENT","","SEEDED","Actual billable labor effort (%)","ACT"
"BRDN_COST#ITD_ACT_PCT_SPENT","BRDN_COST","Percent complete","(Actual cost to date / current baseline budget burdened cost) * 100","Actual spent cost (%)","PRCNTCMPL","PERCENT","","SEEDED","Actual spent cost (%)","ITD_ACT_PCT_SPENT"
"BRDN_COST#PT2_C","BRDN_COST","Cost forecast","Burdened cost from the current approved forecast","Forecast cost","CSTFRCST","CURRENCY","","SEEDED","Forecast cost","PT2_C"
"BRDN_COST#VAR_PER_PT1_C_PT2_C","BRDN_COST","Cost budget and forecast","((Current baseline budget cost - current approved forecast cost) / current baseline budget cost) * 100","Forecast cost variance (%)","CSTBGTFRCST","PERCENT","","SEEDED","Forecast cost variance (%)","VAR_PER_PT1_C_PT2_C"
"BRDN_COST#VAR_PT2_C_PT2_OP","BRDN_COST","Cost forecast","Current approved forecast burdened cost - previous approved forecast burdened cost","Current and previous forecast cost variance","CSTFRCST","CURRENCY","","SEEDED","Current and previous forecast cost variance","VAR_PT2_C_PT2_OP"
"CAP_COST_PER#ACT","CAP_COST_PER","Capitalization","(Actual capitalizable cost / total burdened cost) * 100","Actual capitalizable cost (%)","CPTL","PERCENT","","SEEDED","Actual capitalizable cost (%)","ACT"
"EQUIPMENT_HRS#ITD_ACT_PCT_SPENT","EQUIPMENT_HRS","Percent complete","(Actual equipment effort / current baseline budget equipment effort) * 100","Actual spent equipment effort (%)","PRCNTCMPL","PERCENT","","SEEDED","Actual spent equipment effort (%)","ITD_ACT_PCT_SPENT"
"TO_COMMITTED_COST#ACT","TO_COMMITTED_COST","Commitment cost","Committed amount for all approved transfer orders","Transfer order committed cost","CMTMNT","CURRENCY","","SEEDED","Transfer order committed cost","ACT"
"COST_VARIANCE#EV","COST_VARIANCE","Earned value","Earned value cost variance","Earned value cost variance","EV","CURRENCY","","SEEDED","Earned value cost variance","EV"
"WORK_PLAN_ACTUAL_HOURS#EV","WORK_PLAN_ACTUAL_HOURS","Actual work plan effort","Earned value cost variance","Actual work plan effort","EV","HOURS","","SEEDED","Actual work plan effort","EV"
"PLANNED_VALUE#EV","PLANNED_VALUE","Earned value","Planned value","Planned value","EV","CURRENCY","","SEEDED","Planned value","EV"
"EARNED_VALUE#EV","EARNED_VALUE","Earned value","Earned value","Earned value","EV","CURRENCY","","SEEDED","Earned value","EV"
"CPI#EV","CPI","Earned value","Cost performance index","Cost performance index","EV","OTHERS","","SEEDED","Cost performance index","EV"
"SCHEDULE_VARIANCE#EV","SCHEDULE_VARIANCE","Earned value","Earned value schedule variance","Earned value schedule variance","EV","CURRENCY","","SEEDED","Earned value schedule variance","EV"
"DURATION#EV","DURATION","Earned value","Duration in days","Duration in days","EV","DAYS","","SEEDED","Duration in days","EV"
"WORK_PLAN_PERCENT_COMPLETE#EV","WORK_PLAN_PERCENT_COMPLETE","Work plan percent complete","Earned value cost variance","Work plan percent complete","EV","PERCENT","","SEEDED","Work plan percent complete","EV"
"PERCENT_COMPLETE#EV","PERCENT_COMPLETE","Earned value","Percent complete","Percent complete","EV","PERCENT","","SEEDED","Percent complete","EV"
"WORK_PLAN_SCH_HOURS#EV","WORK_PLAN_SCH_HOURS","Work plan scheduled effort","Earned value cost variance","Work plan scheduled effort","EV","HOURS","","SEEDED","Work plan scheduled effort","EV"
"SPI#EV","SPI","Earned value","Schedule performance index","Schedule performance index","EV","OTHERS","","SEEDED","Schedule performance index","EV"
"RAW_COST#PT2_C","RAW_COST","Cost forecast","Raw cost from the current approved forecast","Forecast raw cost","CSTFRCST","CURRENCY","","SEEDED","Forecast raw cost","PT2_C"
"BRDN_COST#VAR_PER_PT2_C_ACT","BRDN_COST","Cost forecast","((Current approved forecast cost - actual cost) / current approved forecast cost) * 100","Forecast and actual cost variance (%)","CSTFRCST","PERCENT","","SEEDED","Forecast and actual cost variance (%)","VAR_PER_PT2_C_ACT"
"EQUIPMENT_BRDN_COST#PT1_C","EQUIPMENT_BRDN_COST","Cost budget","Equipment cost from the current baseline budget","Budget equipment cost","CSTBGT","CURRENCY","","SEEDED","Budget equipment cost","PT1_C"
"EQUIPMENT_BRDN_COST#PT1_OP","EQUIPMENT_BRDN_COST","Cost budget","Equipment cost from the original baseline budget","Original budget equipment cost","CSTBGT","CURRENCY","","SEEDED","Original budget equipment cost","PT1_OP"
"EQUIPMENT_BRDN_COST#PT2_C","EQUIPMENT_BRDN_COST","Cost forecast","Labor cost from the current approved forecast","Forecast equipment cost","CSTFRCST","CURRENCY","","SEEDED","Forecast equipment cost","PT2_C"
"LABOR_BRDN_COST#PT1_C","LABOR_BRDN_COST","Cost budget","Labor cost from the current baseline budget","Budget labor cost","CSTBGT","CURRENCY","","SEEDED","Budget labor cost","PT1_C"
"LABOR_BRDN_COST#PT1_OP","LABOR_BRDN_COST","Cost budget","Labor cost from the original baseline budget","Original budget labor cost","CSTBGT","CURRENCY","","SEEDED","Original budget labor cost","PT1_OP"
"LABOR_BRDN_COST#PT2_C","LABOR_BRDN_COST","Cost forecast","Labor cost from the current approved forecast","Forecast labor cost","CSTFRCST","CURRENCY","","SEEDED","Forecast labor cost","PT2_C"
